"index","domain","prefix","auth","base_url","complexity","status","notes","endpoints"
1,"sec.gov","sec","ua_header","https://www.sec.gov","complex","done","S3 filing object with parsers",NA
2,"census.gov","census","api_key_optional","https://api.census.gov/data","complex","done","Variable chunking and geo helpers",NA
3,"fred.stlouisfed.org","fred","api_key","https://api.stlouisfed.org/fred","simple","done","JSON API with series/search/categories",NA
4,"dol.gov","dol","none","https://www.dol.gov/agencies/eta/foreign-labor/performance","simple","done","XLSX scraping from disclosure page",NA
5,"finance.yahoo.com","yf","cookie_crumb","https://query2.finance.yahoo.com","complex","done","Undocumented API with auth flow",NA
6,"clinicaltrials.gov","ct","none","https://clinicaltrials.gov/api/v2","simple","done","Studies and results API",NA
7,"usaspending.gov","usas","none","https://api.usaspending.gov","simple","done","Federal spending awards and contracts",NA
8,"data.bls.gov","bls","api_key_optional","https://api.bls.gov/publicAPI/v2","simple","done","Bureau of Labor Statistics time series",NA
9,"treasury.gov","treas","none","https://api.fiscaldata.treasury.gov/services/api/fiscal_service","simple","done","Fiscal data - debt rates auctions",NA
10,"epa.gov","epa","none","https://data.epa.gov/efservice","simple","done","Environmental data - emissions facilities",NA
11,"fec.gov","fec","api_key","https://api.open.fec.gov/v1","simple","done","Campaign finance - candidates committees filings",NA
12,"data.cms.gov","cms","none","https://data.cms.gov/provider-data/api/1","simple","done","Medicare provider and drug data",NA
13,"api.regulations.gov","regs","api_key","https://api.regulations.gov/v4","simple","done","Federal rulemaking comments and documents",NA
14,"api.fda.gov","fda","none","https://api.fda.gov","simple","done","Drug adverse events recalls labels",NA
15,"data.cdc.gov","cdc","none","https://data.cdc.gov/resource","simple","done","WONDER and SODA health datasets",NA
16,"stooq.com","stooq","none","https://stooq.com","simple","done","",NA
17,"macrotrends.net","mt","none","https://www.macrotrends.net","simple","done","",NA
18,"stockanalysis.com","sa","none","https://stockanalysis.com","simple","done","",NA
19,"coingecko.com","cg","api_key","https://www.coingecko.com/en/api","simple","done","",NA
20,"binance.com","binance","none","https://binance-docs.github.io/apidocs","simple","done","",NA
21,"kraken.com","kraken","none","https://docs.kraken.com/rest","simple","done","",NA
22,"federalreserve.gov","fed","none","https://www.federalreserve.gov/releases","simple","done","",NA
23,"ecb.europa.eu","ecb","none","https://sdw.ecb.europa.eu","simple","done","",NA
24,"bis.org","bis","none","https://www.bis.org/statistics","simple","done","",NA
25,"bankofengland.co.uk","boe","none","https://www.bankofengland.co.uk/boeapps/database","simple","done","",NA
26,"spglobal.com","spx","none","https://www.spglobal.com/spdji/en","simple","todo","",NA
27,"msci.com","msci","none","https://www.msci.com/indexes","simple","todo","",NA
28,"ftserussell.com","ftse","none","https://www.ftserussell.com","simple","todo","",NA
29,"data.gov","datagov","none","https://data.gov","simple","todo","",NA
30,"whitehouse.gov","omb","none","https://www.whitehouse.gov/omb","simple","todo","",NA
31,"cbo.gov","cbo","none","https://www.cbo.gov/data","simple","todo","",NA
32,"gao.gov","gao","none","https://www.gao.gov","simple","todo","",NA
33,"api.usaspending.gov","usaspending","none","https://api.usaspending.gov","simple","todo","",NA
34,"fiscaldata.treasury.gov","fiscal","none","https://fiscaldata.treasury.gov","simple","todo","",NA
35,"federalregister.gov","fr","none","https://www.federalregister.gov/api/v1","simple","todo","",NA
36,"ecfr.gov","ecfr","none","https://www.ecfr.gov/api","simple","todo","",NA
37,"govtrack.us","gt","none","https://www.govtrack.us/api/v2","simple","todo","",NA
38,"dev.socrata.com","socrata","none","https://dev.socrata.com","simple","todo","",NA
39,"opendata.cityofnewyork.us","nycod","none","https://opendata.cityofnewyork.us","simple","todo","",NA
40,"data.ca.gov","cagov","none","https://data.ca.gov","simple","todo","",NA
41,"data.texas.gov","txgov","none","https://data.texas.gov","simple","todo","",NA
42,"data.worldbank.org","wb","none","https://data.worldbank.org","simple","todo","",NA
43,"data.imf.org","imf","none","https://data.imf.org","simple","todo","",NA
44,"data.oecd.org","oecd","none","https://data.oecd.org","simple","todo","",NA
45,"data.un.org","un","none","https://data.un.org","simple","todo","",NA
46,"ec.europa.eu","eurostat","none","https://ec.europa.eu/eurostat","simple","todo","",NA
47,"data.usaid.gov","usaid","none","https://data.usaid.gov","simple","todo","",NA
48,"epa.gov","epa","none","https://www.epa.gov/enviro/envirofacts-data-service-api","simple","todo","",NA
49,"ers.usda.gov","usda","none","https://www.ers.usda.gov/data-products","simple","todo","",NA
50,"bts.gov","bts","none","https://www.bts.gov","simple","todo","",NA
51,"clinicaltrials.gov","clinicaltrials","none","https://clinicaltrials.gov/api/gui","simple","todo","",NA
52,"wonder.cdc.gov","wonder","none","https://wonder.cdc.gov","simple","todo","",NA
53,"cdc.gov","nhanes","none","https://www.cdc.gov/nchs/nhanes","simple","todo","",NA
54,"cdc.gov","brfss","none","https://www.cdc.gov/brfss","simple","todo","",NA
55,"data.cms.gov","cms","none","https://data.cms.gov","simple","todo","",NA
56,"cms.gov","cmscost","none","https://www.cms.gov/Research-Statistics-Data-and-Systems/Downloadable-Public-Use-Files/Cost-Reports","simple","todo","",NA
57,"dartmouthatlas.org","dartmouth","none","https://www.dartmouthatlas.org","simple","todo","",NA
58,"rxnav.nlm.nih.gov","rxnorm","none","https://rxnav.nlm.nih.gov/RxNormAPIs.html","simple","todo","",NA
59,"openprescribing.net","rxuk","none","https://openprescribing.net/api","simple","todo","",NA
60,"ncbi.nlm.nih.gov","ncbi","none","https://www.ncbi.nlm.nih.gov/gene","simple","todo","",NA
61,"rest.ensembl.org","ensembl","none","https://rest.ensembl.org","simple","todo","",NA
62,"gnomad.broadinstitute.org","gnomad","none","https://gnomad.broadinstitute.org","simple","todo","",NA
63,"who.int","who","none","https://www.who.int/data/gho/data/themes/mortality-and-global-health-estimates","simple","todo","",NA
64,"api.reporter.nih.gov","nih","none","https://api.reporter.nih.gov","simple","todo","",NA
65,"gis.cdc.gov","fluview","none","https://gis.cdc.gov/grasp/fluview/fluportaldashboard.html","simple","todo","",NA
66,"overpass-api.de","osm","none","https://overpass-api.de","simple","todo","",NA
67,"census.gov","tiger","none","https://www.census.gov/geographies/mapping-files/time-series/geo/tiger-line-file.html","simple","todo","",NA
68,"naturalearthdata.com","natearth","none","https://www.naturalearthdata.com","simple","todo","",NA
69,"overturemaps.org","overture","none","https://overturemaps.org","simple","todo","",NA
70,"project-osrm.org","osrm","none","https://project-osrm.org","simple","todo","",NA
71,"usgs.gov","usgs","none","https://www.usgs.gov/products/data/apis","simple","todo","",NA
72,"nominatim.org","nominatim","ua_header","https://nominatim.org/release-docs/latest/api/Overview","simple","todo","",NA
73,"weather.gov","nws","none","https://www.weather.gov/documentation/services-web-api","simple","todo","",NA
74,"open-meteo.com","meteo","none","https://open-meteo.com/en/docs","simple","todo","",NA
75,"ncdc.noaa.gov","ghcn","none","https://www.ncdc.noaa.gov/ghcn-daily-description","simple","todo","",NA
76,"data.giss.nasa.gov","giss","api_key","https://data.giss.nasa.gov/gistemp","simple","todo","",NA
77,"waterdata.usgs.gov","nwis","none","https://waterdata.usgs.gov/nwis","simple","todo","",NA
78,"droughtmonitor.unl.edu","drought","none","https://droughtmonitor.unl.edu/DmData/DataDownload.aspx","simple","todo","",NA
79,"population.un.org","unwpp","none","https://population.un.org/wpp","simple","todo","",NA
80,"gapminder.org","gapminder","none","https://www.gapminder.org/data","simple","todo","",NA
81,"bls.gov","blsoes","none","https://www.bls.gov/oes","simple","todo","",NA
82,"bls.gov","blscew","none","https://www.bls.gov/cew","simple","todo","",NA
83,"zillow.com","zillow","none","https://www.zillow.com/research/data","simple","todo","",NA
84,"redfin.com","redfin","none","https://www.redfin.com/news/data-center","simple","todo","",NA
85,"nces.ed.gov","ncesccd","none","https://nces.ed.gov/ccd","simple","todo","",NA
86,"nces.ed.gov","ncesipeds","none","https://nces.ed.gov/ipeds","simple","todo","",NA
87,"bls.gov","blstus","none","https://www.bls.gov/tus","simple","todo","",NA
88,"gdeltproject.org","gdelt","none","https://www.gdeltproject.org","simple","todo","",NA
89,"archive.org","ia","none","https://archive.org/developers","simple","todo","",NA
90,"chroniclingamerica.loc.gov","loc","none","https://chroniclingamerica.loc.gov/about/api","simple","todo","",NA
91,"trends.google.com","gtrends","none","https://trends.google.com","simple","todo","",NA
92,"commoncrawl.org","cc","none","https://commoncrawl.org","simple","todo","",NA
93,"arxiv.org","arxiv","ua_header","https://arxiv.org/help/api","simple","todo","",NA
94,"api.crossref.org","crossref","none","https://api.crossref.org","simple","todo","",NA
95,"docs.openalex.org","oalex","none","https://docs.openalex.org","simple","todo","",NA
96,"simbad.u-strasbg.fr","simbad","none","https://simbad.u-strasbg.fr/simbad/tap","simple","todo","",NA
97,"sdss.org","sdss","none","https://www.sdss.org/dr18/data_access","simple","todo","",NA
98,"pubchem.ncbi.nlm.nih.gov","ncbi","none","https://pubchem.ncbi.nlm.nih.gov/docs/pug-rest","simple","todo","",NA
99,"data.rcsb.org","pdb","none","https://data.rcsb.org","simple","todo","",NA
100,"data.nasa.gov","nasa","api_key","https://data.nasa.gov","simple","todo","",NA
101,"wikidata.org","wd","none","https://www.wikidata.org/wiki/Wikidata:Data_access","simple","todo","",NA
102,"bls.gov","blscex","none","https://www.bls.gov/cex","simple","todo","",NA
103,"fao.org","fao","none","https://www.fao.org/worldfoodsituation/foodpricesindex/en","simple","todo","",NA
104,"dataweb.usitc.gov","usitc","none","https://dataweb.usitc.gov","simple","todo","",NA
105,"census.gov","ustrade","none","https://www.census.gov/foreign-trade/data","simple","todo","",NA
106,"hiringlab.org","indeed","none","https://www.hiringlab.org","simple","todo","",NA
107,"law.justia.com","justia","none","https://law.justia.com","simple","todo","",NA
108,"law.cornell.edu","lii","none","https://www.law.cornell.edu","simple","todo","",NA
109,"patentsview.org","patents","none","https://patentsview.org/download/data-download-tables","simple","todo","",NA
110,"patents.google.com","gpatents","none","https://patents.google.com","simple","todo","",NA
111,"developer.uspto.gov","uspto","api_key","https://developer.uspto.gov/api-catalog","simple","todo","",NA
112,"sanctionslist.ofac.treas.gov","ofac","none","https://sanctionslist.ofac.treas.gov","simple","todo","",NA
113,"fincen.gov","fincen","none","https://www.fincen.gov/boi","simple","todo","",NA
114,"efts.sec.gov","efts","none","https://efts.sec.gov/LATEST/search-index","simple","todo","",NA
115,"dockets.justia.com","dockets","none","https://dockets.justia.com","simple","todo","",NA
116,"github.com","npm","none","https://github.com/npm/registry/blob/main/docs/REGISTRY-API.md","simple","todo","",NA
117,"warehouse.pypa.io","pypi","none","https://warehouse.pypa.io/api-reference","simple","todo","",NA
118,"cran.r-project.org","cran","none","https://cran.r-project.org/web/packages","simple","todo","",NA
119,"crates.io","crates","none","https://crates.io/data-access","simple","todo","",NA
120,"ripe.net","ripe","none","https://www.ripe.net/analyse/internet-measurements","simple","todo","",NA
121,"attack.mitre.org","mitre","none","https://attack.mitre.org","simple","todo","",NA
122,"crt.sh","crtsh","none","https://crt.sh","simple","todo","",NA
123,"rdap.org","rdap","none","https://rdap.org","simple","todo","",NA
124,"github.com","hn","none","https://github.com/HackerNews/API","simple","todo","",NA
125,"archive.org","wayback","none","https://archive.org/help/wayback_api.php","simple","todo","",NA
126,"musicbrainz.org","mb","ua_header","https://musicbrainz.org/doc/MusicBrainz_API","simple","todo","",NA
127,"openlibrary.org","ol","none","https://openlibrary.org/developers/api","simple","todo","",NA
128,"gutenberg.org","gutenberg","none","https://www.gutenberg.org/wiki/Gutenberg:Information_About_Robot_Access","simple","todo","",NA
129,"world.openfoodfacts.org","off","none","https://world.openfoodfacts.org/api","simple","todo","",NA
130,"themealdb.com","mealdb","none","https://www.themealdb.com/api.php","simple","todo","",NA
131,"site.api.espn.com","espn","none","https://site.api.espn.com/apis/site/v2/sports","simple","todo","",NA
132,"baseball-reference.com","bbref","none","https://www.baseball-reference.com","simple","todo","",NA
133,"fbref.com","fbref","none","https://fbref.com","simple","todo","",NA
134,"stats.nba.com","nba","none","https://stats.nba.com","simple","todo","",NA
135,"ourairports.com","airports","none","https://ourairports.com/data","simple","todo","",NA
136,"openflights.org","flights","none","https://openflights.org/data.html","simple","todo","",NA
137,"restcountries.com","countries","none","https://restcountries.com","simple","todo","",NA
138,"fhfa.gov","fhfa","none","https://www.fhfa.gov/DataTools/Downloads","simple","todo","",NA
139,"apartments.com","apts","none","https://www.apartments.com","simple","todo","",NA
140,"globalenergymonitor.org","gem","none","https://globalenergymonitor.org/projects","simple","todo","",NA
141,"faa.gov","faa","none","https://www.faa.gov/licenses_certificates/aircraft_certification/aircraft_registry","simple","todo","",NA
142,"gtfs.org","gtfs","none","https://gtfs.org","simple","todo","",NA
143,"vpic.nhtsa.dot.gov","nhtsa","none","https://vpic.nhtsa.dot.gov/api","simple","todo","",NA
144,"fueleconomy.gov","mpg","none","https://www.fueleconomy.gov/feg/ws","simple","todo","",NA
145,"transtats.bts.gov","transtats","none","https://www.transtats.bts.gov/DL_SelectFields.aspx","simple","todo","",NA
146,"coralreefwatch.noaa.gov","coral","none","https://coralreefwatch.noaa.gov/product/5km","simple","todo","",NA
147,"globalcarbonproject.org","gcp","none","https://www.globalcarbonproject.org/carbonbudget","simple","todo","",NA
148,"healthdata.gov","healthgov","none","https://healthdata.gov","simple","todo","",NA
149,"ghsindex.org","ghs","none","https://www.ghsindex.org","simple","todo","",NA
150,"foia.gov","foia","none","https://www.foia.gov","simple","todo","",NA
151,"transparency.gov","transpgov","none","https://transparency.gov","simple","todo","",NA
152,"worldjusticeproject.org","wjp","none","https://worldjusticeproject.org/rule-of-law-index","simple","todo","",NA
153,"transparency.org","cpi","none","https://www.transparency.org/en/cpi","simple","todo","",NA
154,"ncei.noaa.gov","paleo","none","https://www.ncei.noaa.gov/products/paleoclimatology","simple","todo","",NA
155,"pangaea.de","pangaea","none","https://pangaea.de","simple","todo","",NA
156,"portal.brain-map.org","allen","none","https://portal.brain-map.org/atlases-and-data/rnaseq","simple","todo","",NA
157,"encodeproject.org","encode","none","https://www.encodeproject.org","simple","todo","",NA
158,"stats.oecd.org","oecd","none","https://stats.oecd.org/Index.aspx?DataSetCode=STAN08BIS","simple","todo","",NA
159,"sba.gov","sba","none","https://www.sba.gov/about-sba/sba-performance/open-government/open-data","simple","todo","",NA
160,"startupgenome.com","startupgenome","none","https://startupgenome.com","simple","todo","",NA
161,"glin.gov","glin","none","https://www.glin.gov","simple","todo","",NA
162,"wikidata.org","wd","none","https://www.wikidata.org/wiki/Wikidata:WikiProject_Sports","simple","todo","",NA
163,"metacritic.com","metacritic","none","https://www.metacritic.com","simple","todo","",NA
164,"irena.org","irena","none","https://www.irena.org/Data","simple","todo","",NA
165,"carbonmonitor.org","carbonmonitor","none","https://carbonmonitor.org","simple","todo","",NA
166,"globalmethanehub.org","globalmethanehub","none","https://www.globalmethanehub.org","simple","todo","",NA
167,"portoflosangeles.org","portoflosangeles","none","https://www.portoflosangeles.org/business/statistics","simple","todo","",NA
168,"openinframap.org","openinframap","none","https://openinframap.org","simple","todo","",NA
169,"hifld-geoplatform.opendata.arcgis.com","hifld-geoplatform","none","https://hifld-geoplatform.opendata.arcgis.com","simple","todo","",NA
170,"migrationpolicy.org","migrationpolicy","none","https://www.migrationpolicy.org/programs/data-hub","simple","todo","",NA
171,"dhs.gov","dhs","none","https://www.dhs.gov/immigration-statistics","simple","todo","",NA
172,"dtcc.com","dtcc","none","https://www.dtcc.com/repository-otc-derivatives","simple","todo","",NA
173,"emma.msrb.org","emma","none","https://www.emma.msrb.org","simple","todo","",NA
174,"federalreserve.gov","fed","none","https://www.federalreserve.gov/releases/h15","simple","todo","",NA
175,"newyorkfed.org","newyorkfed","none","https://www.newyorkfed.org/markets/reference-rates","simple","todo","",NA
176,"data.cms.gov","cms","none","https://data.cms.gov/provider-data","simple","todo","",NA
177,"hcupnet.ahrq.gov","hcupnet","none","https://hcupnet.ahrq.gov","simple","todo","",NA
178,"pro-football-reference.com","pro-football-reference","none","https://www.pro-football-reference.com","simple","todo","",NA
179,"hockey-reference.com","hockey-reference","none","https://www.hockey-reference.com","simple","todo","",NA
180,"understat.com","understat","none","https://understat.com","simple","todo","",NA
181,"fangraphs.com","fangraphs","none","https://www.fangraphs.com","simple","todo","",NA
182,"openpaymentsdata.cms.gov","openpaymentsdata","none","https://openpaymentsdata.cms.gov","simple","todo","",NA
183,"banks.data.fdic.gov","banks","none","https://banks.data.fdic.gov/docs","simple","todo","",NA
184,"ffiec.gov","ffiec","none","https://www.ffiec.gov/npw/FinancialReport/ReturnFinancialReport","simple","todo","",NA
185,"federalreserve.gov","fed","none","https://www.federalreserve.gov/releases/h41","simple","todo","",NA
186,"data.openei.org","openei","none","https://data.openei.org","simple","todo","",NA
187,"fao.org","fao","none","https://www.fao.org/faostat/en","simple","todo","",NA
188,"unctadstat.unctad.org","unctadstat","none","https://unctadstat.unctad.org","simple","todo","",NA
189,"ourworldindata.org","ourworldindata","none","https://ourworldindata.org/data","simple","todo","",NA
190,"worldhappiness.report","worldhappiness","none","https://worldhappiness.report","simple","todo","",NA
191,"ucdp.uu.se","ucdp","none","https://ucdp.uu.se/apidocs","simple","todo","",NA
192,"unhcr.org","unhcr","none","https://www.unhcr.org/refugee-statistics/download","simple","todo","",NA
193,"github.com","github","none","https://github.com/GeneralMills/pytrends","simple","todo","",NA
194,"domcop.com","domcop","none","https://www.domcop.com/top-10-million-websites","simple","todo","",NA
195,"open-meteo.com","meteo","none","https://open-meteo.com/en/docs/marine-weather-api","simple","todo","",NA
196,"api.tidesandcurrents.noaa.gov","tidesandcurrents","none","https://api.tidesandcurrents.noaa.gov/api/prod","simple","todo","",NA
197,"gebco.net","gebco","none","https://www.gebco.net/data_and_products/gridded_bathymetry_data","simple","todo","",NA
198,"earthquake.usgs.gov","usgs","none","https://earthquake.usgs.gov/fdsnws/event/1","simple","todo","",NA
199,"volcano.si.edu","volcano","none","https://volcano.si.edu/gvp_api.cfm","simple","todo","",NA
200,"gdacs.org","gdacs","none","https://www.gdacs.org","simple","todo","",NA
201,"reliefweb.int","reliefweb","none","https://reliefweb.int/help/api","simple","todo","",NA
202,"policescorecard.org","policescorecard","none","https://policescorecard.org","simple","todo","",NA
203,"themarshallproject.org","themarshallproject","none","https://www.themarshallproject.org/2020/01/31/a-state-by-state-look-at-coronavirus-in-prisons","simple","todo","",NA
204,"nij.ojp.gov","nij","none","https://nij.ojp.gov/funding/grants/data","simple","todo","",NA
205,"aapor.org","aapor","none","https://www.aapor.org","simple","todo","",NA
206,"github.com","github","none","https://github.com/fivethirtyeight/data","simple","todo","",NA
207,"rug.nl","rug","none","https://www.rug.nl/ggdc/historicaldevelopment/maddison","simple","todo","",NA
208,"rug.nl","rug","none","https://www.rug.nl/ggdc/productivity/pwt","simple","todo","",NA
209,"letterboxd.com","letterboxd","none","https://letterboxd.com","simple","todo","",NA
210,"rateyourmusic.com","rateyourmusic","none","https://rateyourmusic.com","simple","todo","",NA
211,"boardgamegeek.com","boardgamegeek","none","https://boardgamegeek.com/wiki/page/BGG_XML_API2","simple","todo","",NA
212,"steamspy.com","steamspy","none","https://steamspy.com/api.php","simple","todo","",NA
213,"anilist.gitbook.io","anilist","none","https://anilist.gitbook.io/anilist-apiv2-docs","simple","todo","",NA
214,"packages.debian.org","packages","none","https://packages.debian.org","simple","todo","",NA
215,"spdx.org","spdx","none","https://spdx.org/licenses","simple","todo","",NA
216,"api.pharmgkb.org","pharmgkb","none","https://api.pharmgkb.org","simple","todo","",NA
217,"uniprot.org","uniprot","none","https://www.uniprot.org/help/api","simple","todo","",NA
218,"oceanhealthindex.org","oceanhealthindex","none","https://oceanhealthindex.org/data/download","simple","todo","",NA
219,"ices.dk","ices","none","https://www.ices.dk/data","simple","todo","",NA
220,"anticorruption.help","anticorruption","none","https://www.anticorruption.help","simple","todo","",NA
221,"sanctionsmap.eu","sanctionsmap","none","https://www.sanctionsmap.eu","simple","todo","",NA
222,"globalreporting.org","globalreporting","none","https://www.globalreporting.org","simple","todo","",NA
223,"data.europa.eu","europa","none","https://data.europa.eu/data/datasets","simple","todo","",NA
224,"data.ntsb.gov","ntsb","none","https://data.ntsb.gov/avdata","simple","todo","",NA
225,"transtats.bts.gov","transtats","none","https://www.transtats.bts.gov","simple","todo","",NA
226,"ioos.noaa.gov","ioos","none","https://ioos.noaa.gov","simple","todo","",NA
227,"exoplanetarchive.ipac.caltech.edu","exoplanetarchive","none","https://exoplanetarchive.ipac.caltech.edu/docs/program_interfaces.html","simple","todo","",NA
228,"opendata.cern.ch","opendata","none","https://opendata.cern.ch","simple","todo","",NA
229,"icecube.wisc.edu","icecube","none","https://icecube.wisc.edu/data-releases","simple","todo","",NA
230,"ncbi.nlm.nih.gov","ncbi","none","https://www.ncbi.nlm.nih.gov/genbank","simple","todo","",NA
231,"ebi.ac.uk","ebi","none","https://www.ebi.ac.uk/services/all","simple","todo","",NA
232,"mouse.brain-map.org","allen","none","https://mouse.brain-map.org/api/v2/data/query.json","simple","todo","",NA
233,"cbre.com","cbre","none","https://www.cbre.com/insights/data","simple","todo","",NA
234,"nar.realtor","nar","none","https://www.nar.realtor/research-and-statistics","simple","todo","",NA
235,"prb.org","prb","none","https://www.prb.org/data","simple","todo","",NA
236,"guttmacher.org","guttmacher","none","https://www.guttmacher.org/data-center","simple","todo","",NA
237,"ssrn.com","ssrn","none","https://www.ssrn.com","simple","todo","",NA
238,"data.nber.org","nber","none","https://data.nber.org","simple","todo","",NA
239,"census.gov","census","none","https://www.census.gov/sipp","simple","todo","",NA
240,"lme.com","lme","none","https://www.lme.com/metals/reports-and-data","simple","todo","",NA
241,"ebi.ac.uk","ebi","none","https://www.ebi.ac.uk/chembl/api/data","simple","todo","",NA
242,"platform.opentargets.org","platform","none","https://platform.opentargets.org/downloads","simple","todo","",NA
243,"ncbi.nlm.nih.gov","ncbi","none","https://www.ncbi.nlm.nih.gov/sra","simple","todo","",NA
244,"proteinatlas.org","proteinatlas","none","https://www.proteinatlas.org/about/download","simple","todo","",NA
245,"oecd.org","oecd","none","https://www.oecd.org/pisa/data","simple","todo","",NA
246,"ip-ranges.amazonaws.com","ip-ranges","none","https://ip-ranges.amazonaws.com/ip-ranges.json","simple","todo","",NA
247,"microsoft.com","microsoft","none","https://www.microsoft.com/en-us/download/details.aspx?id=56519","simple","todo","",NA
248,"gstatic.com","gstatic","none","https://www.gstatic.com/ipranges/cloud.json","simple","todo","",NA
249,"spglobal.com","spx","none","https://www.spglobal.com/ratings","simple","todo","",NA
250,"fitchratings.com","fitchratings","none","https://www.fitchratings.com","simple","todo","",NA
251,"cdc.gov","cdc","none","https://www.cdc.gov/prams","simple","todo","",NA
252,"iridl.ldeo.columbia.edu","iridl","none","https://iridl.ldeo.columbia.edu","simple","todo","",NA
253,"cdc.gov","cdc","none","https://www.cdc.gov/places","simple","todo","",NA
254,"census.gov","census","none","https://www.census.gov/programs-surveys/acs/microdata.html","simple","todo","",NA
255,"lehd.ces.census.gov","lehd","none","https://lehd.ces.census.gov/data","simple","todo","",NA
256,"openpolicing.stanford.edu","openpolicing","none","https://openpolicing.stanford.edu/data","simple","todo","",NA
257,"irs.gov","irs","none","https://www.irs.gov/statistics","simple","todo","",NA
258,"fhwa.dot.gov","fhwa","none","https://www.fhwa.dot.gov/policyinformation/statistics.cfm","simple","todo","",NA
259,"gasprices.aaa.com","gasprices","none","https://gasprices.aaa.com","simple","todo","",NA
260,"spglobal.com","spx","none","https://www.spglobal.com/spdji/en/indices/real-assets/sp-corelogic-case-shiller-us-national-home-price-nsa-index","simple","todo","",NA
261,"insideairbnb.com","insideairbnb","none","http://insideairbnb.com/get-the-data","simple","todo","",NA
262,"census.gov","census","none","https://www.census.gov/construction/nrs","simple","todo","",NA
263,"mba.org","mba","none","https://www.mba.org/news-and-research/research-and-economics/single-family-research/weekly-applications-survey","simple","todo","",NA
264,"ffiec.cfpb.gov","ffiec","none","https://ffiec.cfpb.gov/data-publication","simple","todo","",NA
265,"loopnet.com","loopnet","none","https://www.loopnet.com","simple","todo","",NA
266,"apartmentlist.com","apartmentlist","none","https://www.apartmentlist.com/research","simple","todo","",NA
267,"github.com","github","none","https://github.com/CSSEGISandData/COVID-19","simple","todo","",NA
268,"github.com","github","none","https://github.com/owid/covid-19-data","simple","todo","",NA
269,"vaers.hhs.gov","vaers","none","https://vaers.hhs.gov/data/datasets.html","simple","todo","",NA
270,"ecdc.europa.eu","ecdc","none","https://www.ecdc.europa.eu/en/publications-data/download-data-response-measures-covid-19","simple","todo","",NA
271,"ec.europa.eu","eurostat","none","https://ec.europa.eu/eurostat/web/migration-asylum","simple","todo","",NA
272,"oecd-ilibrary.org","oecd-ilibrary","none","https://www.oecd-ilibrary.org/social-issues-migration-health/international-migration-outlook","simple","todo","",NA
273,"gs.statcounter.com","gs","none","https://gs.statcounter.com","simple","todo","",NA
274,"broadbandmap.fcc.gov","broadbandmap","none","https://broadbandmap.fcc.gov/data-download","simple","todo","",NA
275,"ams.usda.gov","ams","none","https://www.ams.usda.gov/local-food-directories/farmersmarkets","simple","todo","",NA
276,"openfarm.cc","openfarm","none","https://openfarm.cc/api/v1/crops","simple","todo","",NA
277,"nass.usda.gov","nass","none","https://www.nass.usda.gov/Charts_and_Maps/Crop_Progress_&_Condition","simple","todo","",NA
278,"datasetsearch.research.google.com","datasetsearch","none","https://datasetsearch.research.google.com","simple","todo","",NA
279,"cftc.gov","cftc","none","https://www.cftc.gov/MarketReports/CommitmentsofTraders/index.htm","simple","todo","",NA
280,"cftc.gov","cftc","none","https://www.cftc.gov/MarketReports/LargeTraderReportingProgram","simple","todo","",NA
281,"atlantafed.org","atlantafed","none","https://www.atlantafed.org/chcs/wage-growth-tracker","simple","todo","",NA
282,"clevelandfed.org","clevelandfed","none","https://www.clevelandfed.org/indicators-and-data/inflation-nowcasting","simple","todo","",NA
283,"newyorkfed.org","newyorkfed","none","https://www.newyorkfed.org/microeconomics/sce","simple","todo","",NA
284,"federalreserve.gov","fed","none","https://www.federalreserve.gov/monetarypolicy/beige-book-default.htm","simple","todo","",NA
285,"aaii.com","aaii","none","https://www.aaii.com/sentimentsurvey","simple","todo","",NA
286,"money.cnn.com","money","none","https://money.cnn.com/data/fear-and-greed","simple","todo","",NA
287,"finra.org","finra","none","https://www.finra.org/investors/learn-to-invest/advanced-investing/short-selling","simple","todo","",NA
288,"efts.sec.gov","efts","none","https://efts.sec.gov/LATEST/search-index?q=%2213F%22&dateRange=custom","simple","todo","",NA
289,"sec.gov","sec","none","https://www.sec.gov/cgi-bin/browse-edgar?action=getcompany&type=4","simple","todo","",NA
290,"robinhood.com","robinhood","none","https://robinhood.com","simple","todo","",NA
291,"wisdomtree.com","wisdomtree","none","https://www.wisdomtree.com/investments/research","simple","todo","",NA
292,"etf.com","etf","none","https://www.etf.com/etfanalytics/etf-finder","simple","todo","",NA
293,"theice.com","theice","none","https://www.theice.com/iba/benchmark-rates","simple","todo","",NA
294,"budgetmodel.wharton.upenn.edu","budgetmodel","none","https://budgetmodel.wharton.upenn.edu/data","simple","todo","",NA
295,"alt-data.org","alt-data","none","https://alt-data.org","simple","todo","",NA
296,"api.beta.ons.gov.uk","beta","none","https://api.beta.ons.gov.uk/v1","simple","todo","",NA
297,"developer.parliament.uk","developer","none","https://developer.parliament.uk","simple","todo","",NA
298,"statcan.gc.ca","statcan","none","https://www.statcan.gc.ca/en/developers","simple","todo","",NA
299,"servicodados.ibge.gov.br","servicodados","none","https://servicodados.ibge.gov.br/api/docs","simple","todo","",NA
300,"scb.se","scb","none","https://www.scb.se/en/finding-statistics/api","simple","todo","",NA
301,"ssb.no","ssb","none","https://www.ssb.no/en/omssb/tjenester-og-verktoy/api","simple","todo","",NA
302,"data.stats.gov.cn","gov","none","https://data.stats.gov.cn/english","simple","todo","",NA
303,"data.rbi.org.in","rbi","none","https://data.rbi.org.in","simple","todo","",NA
304,"statssa.gov.za","statssa","none","https://www.statssa.gov.za","simple","todo","",NA
305,"ec.europa.eu","eurostat","none","https://ec.europa.eu/eurostat/web/regions","simple","todo","",NA
306,"oecd.org","oecd","none","https://www.oecd.org/regional/regional-statistics","simple","todo","",NA
307,"opportunityatlas.org","opportunityatlas","none","https://opportunityatlas.org","simple","todo","",NA
308,"presidency.ucsb.edu","presidency","none","https://www.presidency.ucsb.edu","simple","todo","",NA
309,"data.europa.eu","europa","none","https://data.europa.eu/en","simple","todo","",NA
310,"dataportal.opendataforafrica.org","dataportal","none","https://dataportal.opendataforafrica.org","simple","todo","",NA
311,"statistics.cepal.org","statistics","none","https://statistics.cepal.org/portal/cepalstat","simple","todo","",NA
312,"kidb.adb.org","kidb","none","https://kidb.adb.org","simple","todo","",NA
313,"fema.gov","fema","none","https://www.fema.gov/api/open/v1/disasterDeclarations","simple","todo","",NA
314,"fema.gov","fema","none","https://www.fema.gov/about/reports-and-data/openfema","simple","todo","",NA
315,"usace.army.mil","usace","none","https://www.usace.army.mil/Missions/Civil-Works/Navigation","simple","todo","",NA
316,"fcc.gov","fcc","none","https://www.fcc.gov/licensing-databases/licensing","simple","todo","",NA
317,"bulkdata.uspto.gov","bulkdata","none","https://bulkdata.uspto.gov","simple","todo","",NA
318,"gardp.org","gardp","none","https://www.gardp.org/resources/data","simple","todo","",NA
319,"fda.gov","fda","none","https://www.fda.gov/drugs/drug-approvals-and-databases/approved-drug-products-therapeutic-equivalence-evaluations","simple","todo","",NA
320,"dea.gov","dea","none","https://www.dea.gov/data-and-statistics","simple","todo","",NA
321,"who.int","who","none","https://www.who.int/groups/expert-committee-on-selection-and-use-of-essential-medicines/essential-medicines-lists","simple","todo","",NA
322,"stats.oecd.org","oecd","none","https://stats.oecd.org/index.aspx?DataSetCode=HEALTH_STAT","simple","todo","",NA
323,"data.cms.gov","cms","none","https://data.cms.gov/medicare-enrollment","simple","todo","",NA
324,"data.healthcare.gov","healthcare","none","https://data.healthcare.gov","simple","todo","",NA
325,"cdc.gov","cdc","none","https://www.cdc.gov/nchs/nhis","simple","todo","",NA
326,"meps.ahrq.gov","meps","none","https://meps.ahrq.gov/mepsweb","simple","todo","",NA
327,"cms.gov","cmscost","none","https://www.cms.gov/Research-Statistics-Data-and-Systems/Downloadable-Public-Use-Files/Cost-Reports/Cost-Reports-by-Fiscal-Year","simple","todo","",NA
328,"statecancerprofiles.cancer.gov","statecancerprofiles","none","https://statecancerprofiles.cancer.gov/data-aggregates","simple","todo","",NA
329,"wisqars.cdc.gov","wisqars","none","https://wisqars.cdc.gov/api","simple","todo","",NA
330,"cdc.gov","cdc","none","https://www.cdc.gov/nchs/nvss/mortality_public_use_data.htm","simple","todo","",NA
331,"dblp.org","dblp","none","https://dblp.org/faq/1474589.html","simple","todo","",NA
332,"re3data.org","re3data","none","https://www.re3data.org/api","simple","todo","",NA
333,"scimagojr.com","scimagojr","none","https://www.scimagojr.com/journalrank.php","simple","todo","",NA
334,"europepmc.org","europepmc","none","https://europepmc.org/RestfulWebService","simple","todo","",NA
335,"osti.gov","osti","none","https://www.osti.gov/api/v1/records","simple","todo","",NA
336,"connectedpapers.com","connectedpapers","none","https://www.connectedpapers.com","simple","todo","",NA
337,"sci-hub.se","sci-hub","none","https://sci-hub.se","simple","todo","",NA
338,"arxiv.org","arxiv","ua_header","https://arxiv.org/help/bulk_data","simple","todo","",NA
339,"ntrs.nasa.gov","nasa","api_key","https://ntrs.nasa.gov/api/citations","simple","todo","",NA
340,"github.com","github","none","https://github.com/pelias/pelias","simple","todo","",NA
341,"openaddresses.io","openaddresses","none","https://openaddresses.io","simple","todo","",NA
342,"gadm.org","gadm","none","https://gadm.org/download_world.html","simple","todo","",NA
343,"whosonfirst.org","whosonfirst","none","https://whosonfirst.org","simple","todo","",NA
344,"wikidata.org","wd","none","https://www.wikidata.org/wiki/Wikidata:WikiProject_Geographical_Objects","simple","todo","",NA
345,"datasets.wri.org","datasets","none","https://datasets.wri.org/dataset/globalpowerplantdatabase","simple","todo","",NA
346,"openrailwaymap.org","openrailwaymap","none","https://www.openrailwaymap.org/api","simple","todo","",NA
347,"fhwa.dot.gov","fhwa","none","https://www.fhwa.dot.gov/bridge/nbi.cfm","simple","todo","",NA
348,"partow.net","partow","none","https://www.partow.net/miscellaneous/airportdatabase","simple","todo","",NA
349,"ghsl.jrc.ec.europa.eu","ghsl","none","https://ghsl.jrc.ec.europa.eu/ghs_pop2023.php","simple","todo","",NA
350,"worldpop.org","worldpop","none","https://www.worldpop.org/geodata","simple","todo","",NA
351,"hudexchange.info","hudexchange","none","https://www.hudexchange.info/resource/3031/pit-and-hic-data-since-2007","simple","todo","",NA
352,"electionlab.mit.edu","electionlab","none","https://electionlab.mit.edu/data","simple","todo","",NA
353,"uselectionatlas.org","uselectionatlas","none","https://uselectionatlas.org","simple","todo","",NA
354,"brookings.edu","brookings","none","https://www.brookings.edu/research/vital-statistics-on-congress","simple","todo","",NA
355,"census.gov","census","none","https://www.census.gov/programs-surveys/household-pulse-survey/data.html","simple","todo","",NA
356,"samhsa.gov","samhsa","none","https://www.samhsa.gov/data/data-we-collect/nsduh-national-survey-drug-use-and-health","simple","todo","",NA
357,"cdc.gov","cdc","none","https://www.cdc.gov/yrbs","simple","todo","",NA
358,"federalreserve.gov","fed","none","https://www.federalreserve.gov/econres/scfindex.htm","simple","todo","",NA
359,"census.gov","census","none","https://www.census.gov/programs-surveys/cps/data.html","simple","todo","",NA
360,"census.gov","census","none","https://www.census.gov/programs-surveys/ahs","simple","todo","",NA
361,"census.gov","census","none","https://www.census.gov/programs-surveys/rhfs","simple","todo","",NA
362,"census.gov","census","none","https://www.census.gov/programs-surveys/susb.html","simple","todo","",NA
363,"census.gov","census","none","https://www.census.gov/naics","simple","todo","",NA
364,"osha.gov","osha","none","https://www.osha.gov/data/sic-manual","simple","todo","",NA
365,"capterra.com","capterra","none","https://www.capterra.com","simple","todo","",NA
366,"aws.amazon.com","aws","none","https://aws.amazon.com/alexa-top-sites","simple","todo","",NA
367,"tranco-list.eu","tranco-list","none","https://tranco-list.eu","simple","todo","",NA
368,"majestic.com","majestic","none","https://majestic.com/reports/majestic-million","simple","todo","",NA
369,"blog.gdeltproject.org","gdelt","none","https://blog.gdeltproject.org/gdelt-2-0-our-global-knowledge-graph","simple","todo","",NA
370,"globalvoices.org","globalvoices","none","https://globalvoices.org","simple","todo","",NA
371,"github.com","github","none","https://github.com/internetarchive/wayback/tree/master/wayback-cdx-server","simple","todo","",NA
372,"archive.org","archive","none","https://archive.org/details/tv","simple","todo","",NA
373,"allsides.com","allsides","none","https://www.allsides.com/media-bias/media-bias-ratings","simple","todo","",NA
374,"poynter.org","poynter","none","https://www.poynter.org/international-fact-checking-network","simple","todo","",NA
375,"reporterslab.org","reporterslab","none","https://reporterslab.org/fact-checking","simple","todo","",NA
376,"api.gdeltproject.org","gdelt","none","https://api.gdeltproject.org/api/v2/tv/tv","simple","todo","",NA
377,"acousticbrainz.org","acousticbrainz","none","https://acousticbrainz.org","simple","todo","",NA
378,"millionsongdataset.com","millionsongdataset","none","http://millionsongdataset.com","simple","todo","",NA
379,"musicbrainz.org","mb","ua_header","https://musicbrainz.org/doc/MusicBrainz_Database/Download","simple","todo","",NA
380,"metmuseum.github.io","metmuseum","none","https://metmuseum.github.io","simple","todo","",NA
381,"api.artic.edu","artic","none","https://api.artic.edu/docs","simple","todo","",NA
382,"libraryofcongress.github.io","libraryofcongress","none","https://libraryofcongress.github.io/data-exploration","simple","todo","",NA
383,"getty.edu","getty","none","https://www.getty.edu/research/tools/vocabularies","simple","todo","",NA
384,"howlongtobeat.com","howlongtobeat","none","https://howlongtobeat.com","simple","todo","",NA
385,"mediawiki.org","mediawiki","none","https://www.mediawiki.org/wiki/API:Main_page","simple","todo","",NA
386,"dbpedia.org","dbpedia","none","https://dbpedia.org/sparql","simple","todo","",NA
387,"packagephobia.com","packagephobia","none","https://packagephobia.com","simple","todo","",NA
388,"bundlephobia.com","bundlephobia","none","https://bundlephobia.com/api","simple","todo","",NA
389,"osv.dev","osv","none","https://osv.dev","simple","todo","",NA
390,"exploit-db.com","exploit-db","none","https://www.exploit-db.com","simple","todo","",NA
391,"stats.labs.apnic.net","labs","none","https://stats.labs.apnic.net","simple","todo","",NA
392,"api.ooni.io","ooni","none","https://api.ooni.io","simple","todo","",NA
393,"github.com","github","none","https://github.com/internetarchive/wayback/tree/master/wayback-cdx-server","simple","todo","",NA
394,"joint-research-centre.ec.europa.eu","joint-research-centre","none","https://joint-research-centre.ec.europa.eu/pvgis-photovoltaic-geographical-information-system","simple","todo","",NA
395,"open-power-system-data.org","open-power-system-data","none","https://open-power-system-data.org","simple","todo","",NA
396,"eia.gov","eia","none","https://www.eia.gov/electricity/data/eia923","simple","todo","",NA
397,"eia.gov","eia","none","https://www.eia.gov/electricity/data/eia860","simple","todo","",NA
398,"ferc.gov","ferc","none","https://www.ferc.gov/industries-data/electric/general-information/electric-industry-forms/form-1-electric-utility-annual","simple","todo","",NA
399,"caiso.com","caiso","none","https://www.caiso.com/market/Pages/MarketMonitoring/OASIS.aspx","simple","todo","",NA
400,"ercot.com","ercot","none","https://www.ercot.com/gridinfo","simple","todo","",NA
401,"epa.gov","epa","none","https://www.epa.gov/egrid","simple","todo","",NA
402,"climatewatchdata.org","climatewatchdata","none","https://www.climatewatchdata.org/api","simple","todo","",NA
403,"icos-cp.eu","icos-cp","none","https://www.icos-cp.eu/science-and-impact/global-carbon-budget","simple","todo","",NA
404,"gml.noaa.gov","gml","none","https://gml.noaa.gov/ccgg/trends","simple","todo","",NA
405,"api.obis.org","bis","none","https://api.obis.org","simple","todo","",NA
406,"bts.gov","bts","none","https://www.bts.gov/faf","simple","todo","",NA
407,"phmsa.dot.gov","phmsa","none","https://www.phmsa.dot.gov/data-and-statistics","simple","todo","",NA
408,"alta.org","alta","none","https://www.alta.org","simple","todo","",NA
409,"usda.library.cornell.edu","usda","none","https://usda.library.cornell.edu/usda/ers/CropProd","simple","todo","",NA
410,"usda.library.cornell.edu","usda","none","https://usda.library.cornell.edu/usda/ers/LivePoul","simple","todo","",NA
411,"apps.fas.usda.gov","apps","none","https://apps.fas.usda.gov/psdonline/app/index.html","simple","todo","",NA
412,"fao.org","fao","none","https://www.fao.org/giews/earthobservation/cropcalendar","simple","todo","",NA
413,"nassgeodata.gmu.edu","nassgeodata","none","https://nassgeodata.gmu.edu/CropScape","simple","todo","",NA
414,"efsa.europa.eu","efsa","none","https://www.efsa.europa.eu/en/data/data-report-search","simple","todo","",NA
415,"ams.usda.gov","ams","none","https://www.ams.usda.gov/datasets/pdp","simple","todo","",NA
416,"fao.org","fao","none","https://www.fao.org/fao-who-codexalimentarius/codex-texts/dbs/en","simple","todo","",NA
417,"loc.gov","loc","none","https://www.loc.gov/law/foreign-news/global-legal-monitor.php","simple","todo","",NA
418,"klerosboard.com","klerosboard","none","https://klerosboard.com","simple","todo","",NA
419,"fcpa.stanford.edu","fcpa","none","https://fcpa.stanford.edu","simple","todo","",NA
420,"gleif.org","gleif","none","https://www.gleif.org/en/lei-data/gleif-golden-copy","simple","todo","",NA
421,"data.cityofnewyork.us","cityofnewyork","none","https://data.cityofnewyork.us/browse?q=ACRIS","simple","todo","",NA
422,"football-data.co.uk","football-data","none","https://www.football-data.co.uk/data.php","simple","todo","",NA
423,"basketball-reference.com","basketball-reference","none","https://www.basketball-reference.com","simple","todo","",NA
424,"github.com","github","none","https://github.com/JeffSackmann","simple","todo","",NA
425,"ergast.com","ergast","none","https://ergast.com/mrd","simple","todo","",NA
426,"baseballsavant.mlb.com","baseballsavant","none","https://baseballsavant.mlb.com/statcast_search","simple","todo","",NA
427,"github.com","github","none","https://github.com/nflverse/nflfastR","simple","todo","",NA
428,"api-web.nhle.com","api-web","none","https://api-web.nhle.com/v1","simple","todo","",NA
429,"worldathletics.org","worldathletics","none","https://www.worldathletics.org/records","simple","todo","",NA
430,"content.naic.org","content","none","https://content.naic.org/industries-data-tables","simple","todo","",NA
431,"swissre.com","swissre","none","https://www.swissre.com/institute/research/sigma-research.html","simple","todo","",NA
432,"munichre.com","munichre","none","https://www.munichre.com/en/risks/natural-disasters.html","simple","todo","",NA
433,"soa.org","soa","none","https://www.soa.org/resources/experience-studies/mort-improving-rate-tables","simple","todo","",NA
434,"itu.int","itu","none","https://www.itu.int/en/ITU-D/Statistics/Pages/stat/default.aspx","simple","todo","",NA
435,"fcc.gov","fcc","none","https://www.fcc.gov/reports-research/data/fcc-form-477-data","simple","todo","",NA
436,"opencellid.org","opencellid","none","https://opencellid.org/downloads.php","simple","todo","",NA
437,"speedtest.net","speedtest","none","https://www.speedtest.net/ookla-for-good","simple","todo","",NA
438,"usgs.gov","usgs","none","https://www.usgs.gov/centers/national-minerals-information-center","simple","todo","",NA
439,"opec.org","opec","none","https://www.opec.org/opec_web/en/publications/338.htm","simple","todo","",NA
440,"oecd.org","oecd","none","https://www.oecd.org/education/education-at-a-glance","simple","todo","",NA
441,"data.uis.unesco.org","uis","none","https://data.uis.unesco.org","simple","todo","",NA
442,"nces.ed.gov","nces","none","https://nces.ed.gov/nationsreportcard/api","simple","todo","",NA
443,"epa.gov","epa","none","https://www.epa.gov/enviro/sdwis-search","simple","todo","",NA
444,"waterservices.usgs.gov","usgs","none","https://waterservices.usgs.gov","simple","todo","",NA
445,"fao.org","fao","none","https://www.fao.org/aquastat/en/databases","simple","todo","",NA
446,"waterqualitydata.us","waterqualitydata","none","https://www.waterqualitydata.us","simple","todo","",NA
447,"en.sse.net.cn","en","none","https://en.sse.net.cn/indices/scfinew.jsp","simple","todo","",NA
448,"ismworld.org","ismworld","none","https://www.ismworld.org/supply-management-news-and-reports/reports/ism-report-on-business","simple","todo","",NA
449,"gamma-api.polymarket.com","gamma-api","none","https://gamma-api.polymarket.com","simple","todo","",NA
450,"expatistan.com","expatistan","none","https://www.expatistan.com/cost-of-living","simple","todo","",NA
451,"internations.org","internations","none","https://www.internations.org/expat-insider","simple","todo","",NA
452,"weforum.org","weforum","none","https://www.weforum.org/reports/global-competitiveness-report","simple","todo","",NA
453,"imd.org","imd","none","https://www.imd.org/centers/world-competitiveness-center/rankings/world-competitiveness","simple","todo","",NA
454,"fraserinstitute.org","fraserinstitute","none","https://www.fraserinstitute.org/economic-freedom","simple","todo","",NA
455,"heritage.org","heritage","none","https://www.heritage.org/index","simple","todo","",NA
456,"freedomhouse.org","freedomhouse","none","https://freedomhouse.org/report/freedom-world","simple","todo","",NA
457,"rsf.org","rsf","none","https://rsf.org/en/index","simple","todo","",NA
458,"globalslaveryindex.org","globalslaveryindex","none","https://www.globalslaveryindex.org","simple","todo","",NA
459,"fragilestatesindex.org","fragilestatesindex","none","https://fragilestatesindex.org","simple","todo","",NA
460,"gain.nd.edu","gain","none","https://gain.nd.edu/our-work/country-index/rankings","simple","todo","",NA
461,"epi.yale.edu","epi","none","https://epi.yale.edu/downloads","simple","todo","",NA
462,"visionofhumanity.org","visionofhumanity","none","https://www.visionofhumanity.org/maps","simple","todo","",NA
463,"cgdev.org","cgdev","none","https://www.cgdev.org/cdi","simple","todo","",NA
464,"qualitycheck.org","qualitycheck","none","https://www.qualitycheck.org","simple","todo","",NA
465,"hospitalsafetygrade.org","hospitalsafetygrade","none","https://www.hospitalsafetygrade.org","simple","todo","",NA
466,"health.usnews.com","health","none","https://health.usnews.com/best-hospitals","simple","todo","",NA
467,"ahrq.gov","ahrq","none","https://www.ahrq.gov/chsp/chsp-reports/safety-net-monitoring-initiative","simple","todo","",NA
468,"data.hrsa.gov","hrsa","none","https://data.hrsa.gov","simple","todo","",NA
469,"economicgraph.linkedin.com","economicgraph","none","https://economicgraph.linkedin.com/research","simple","todo","",NA
470,"dol.gov","dol","none","https://www.dol.gov/agencies/eta/foreign-labor/performance","simple","todo","",NA
471,"uscis.gov","uscis","none","https://www.uscis.gov/tools/reports-and-studies","simple","todo","",NA
472,"ilo.org","ilo","none","https://www.ilo.org/global/research/global-reports/global-wage-report","simple","todo","",NA
473,"ilostat.ilo.org","ilostat","none","https://ilostat.ilo.org/api","simple","todo","",NA
474,"nber.org","nber","none","https://www.nber.org/research/data/current-population-survey-cps-data-nber","simple","todo","",NA
475,"epa.gov","epa","none","https://www.epa.gov/smartgrowth/smart-location-mapping","simple","todo","",NA
476,"use.cloudmersive.com","use","none","https://use.cloudmersive.com/convert-api","simple","todo","",NA
477,"github.com","github","none","https://github.com/microsoft/USBuildingFootprints","simple","todo","",NA
478,"sites.research.google","sites","none","https://sites.research.google/open-buildings","simple","todo","",NA
479,"nyc.gov","nyc","none","https://www.nyc.gov/site/planning/data-maps/open-data/dwn-pluto-mappluto.page","simple","todo","",NA
480,"bjs.gov","bjs","none","https://www.bjs.gov/index.cfm?ty=dcdetail&iid=245","simple","todo","",NA
481,"defillama.com","defillama","none","https://defillama.com/docs/api","simple","todo","",NA
482,"cryptofees.info","cryptofees","none","https://cryptofees.info","simple","todo","",NA
483,"givewell.org","givewell","none","https://www.givewell.org/how-we-work/criteria","simple","todo","",NA
484,"grantnav.threesixtygiving.org","grantnav","none","https://grantnav.threesixtygiving.org/api","simple","todo","",NA
485,"gao.gov","gao","none","https://www.gao.gov/about/what-gao-does/resources","simple","todo","",NA
486,"crsreports.congress.gov","crsreports","none","https://crsreports.congress.gov","simple","todo","",NA
487,"acleddata.com","acleddata","none","https://acleddata.com/dashboard","simple","todo","",NA
488,"sipri.org","sipri","none","https://www.sipri.org/databases/milex","simple","todo","",NA
489,"sipri.org","sipri","none","https://www.sipri.org/databases/armstransfers","simple","todo","",NA
490,"ntiindex.org","ntiindex","none","https://www.ntiindex.org","simple","todo","",NA
491,"data.cityofnewyork.us","cityofnewyork","none","https://data.cityofnewyork.us/Public-Safety/NYPD-Complaint-Data-Current-Year-To-Date-/5uac-w243","simple","todo","",NA
492,"data.lacity.org","lacity","none","https://data.lacity.org/Public-Safety/Crime-Data-from-2020-to-Present/2nrs-mtv8","simple","todo","",NA
493,"data.cityofchicago.org","cityofchicago","none","https://data.cityofchicago.org","simple","todo","",NA
494,"mrdata.usgs.gov","usgs","none","https://mrdata.usgs.gov","simple","todo","",NA
495,"bmk.gv.at","bmk","none","https://www.bmk.gv.at/en/topics/energy-mining/mining/world-mining-data.html","simple","todo","",NA
496,"kimberleyprocess.com","kimberleyprocess","none","https://www.kimberleyprocess.com/en/kpcs-statistics","simple","todo","",NA
497,"unwto.org","unwto","none","https://www.unwto.org/tourism-data/global-and-regional-tourism-performance","simple","todo","",NA
498,"atsdr.cdc.gov","atsdr","none","https://www.atsdr.cdc.gov","simple","todo","",NA
499,"echo.epa.gov","echo","none","https://echo.epa.gov/tools/data-downloads","simple","todo","",NA
500,"swpc.noaa.gov","swpc","none","https://www.swpc.noaa.gov/products","simple","todo","",NA
501,"github.com","github","none","https://github.com/r-spacex/SpaceX-API","simple","todo","",NA
502,"nasa.gov","nasa","api_key","https://www.nasa.gov/launchschedule","simple","todo","",NA
503,"open-notify.org","open-notify","none","http://open-notify.org/Open-Notify-API","simple","todo","",NA
504,"celestrak.org","celestrak","none","https://celestrak.org/SOCRATES","simple","todo","",NA
505,"planthardiness.ars.usda.gov","planthardiness","none","https://planthardiness.ars.usda.gov","simple","todo","",NA
506,"api.catalogueoflife.org","catalogueoflife","none","https://api.catalogueoflife.org","simple","todo","",NA
507,"openholidaysapi.org","openholidaysapi","none","https://www.openholidaysapi.org","simple","todo","",NA
508,"time.gov","time","none","https://www.time.gov","simple","todo","",NA
509,"frankfurter.app","frankfurter","none","https://www.frankfurter.app/docs","simple","todo","",NA
510,"cdc.gov","cdc","none","https://www.cdc.gov/drugoverdose/rxrate-maps/index.html","simple","todo","",NA
511,"data.cms.gov","cms","none","https://data.cms.gov/provider-data/topics/nursing-homes","simple","todo","",NA
512,"who.int","who","none","https://www.who.int/observatories/global-health-observatory","simple","todo","",NA
513,"crd.york.ac.uk","crd","none","https://www.crd.york.ac.uk/prospero","simple","todo","",NA
514,"api.osf.io","osf","none","https://api.osf.io/v2/preprints","simple","todo","",NA
515,"worldclim.org","worldclim","none","https://www.worldclim.org/data","simple","todo","",NA
516,"chelsa-climate.org","chelsa-climate","none","https://chelsa-climate.org","simple","todo","",NA
517,"etouch.us","etouch","none","https://www.etouch.us/ifremer/argovis/api","simple","todo","",NA
518,"psmsl.org","psmsl","none","https://www.psmsl.org/data","simple","todo","",NA
519,"emergency.copernicus.eu","emergency","none","https://emergency.copernicus.eu/mapping/activations","simple","todo","",NA
520,"pgc.umn.edu","pgc","none","https://www.pgc.umn.edu/data/arcticdem","simple","todo","",NA
521,"carbonbrief.org","carbonbrief","none","https://www.carbonbrief.org/data","simple","todo","",NA
522,"berkeleyearth.org","berkeleyearth","none","https://berkeleyearth.org/data","simple","todo","",NA
523,"metoffice.gov.uk","metoffice","none","https://www.metoffice.gov.uk/hadobs","simple","todo","",NA
524,"nber.org","nber","none","https://www.nber.org/research/data/us-business-cycle-expansions-and-contractions","simple","todo","",NA
525,"dallasfed.org","dallasfed","none","https://www.dallasfed.org/research/surveys/des","simple","todo","",NA
526,"kansascityfed.org","kansascityfed","none","https://www.kansascityfed.org/economic-bulletins/manufacturing-survey","simple","todo","",NA
527,"richmondfed.org","richmondfed","none","https://www.richmondfed.org/research/national_economy/regional_economic_indicators/manufacturing","simple","todo","",NA
528,"philadelphiafed.org","philadelphiafed","none","https://www.philadelphiafed.org/surveys-and-data/regional-economic-analysis","simple","todo","",NA
529,"newyorkfed.org","newyorkfed","none","https://www.newyorkfed.org/survey/empire/empiresurvey_overview","simple","todo","",NA
530,"bpp.mit.edu","bpp","none","https://bpp.mit.edu","simple","todo","",NA
531,"business.adobe.com","business","none","https://business.adobe.com/resources/digital-economy-index.html","simple","todo","",NA
532,"ropengov.org","ropengov","none","https://ropengov.org","simple","todo","",NA
533,"cdc.gov","cdc","none","https://www.cdc.gov/nchs/nvss/vsrr/drug-overdose-data.htm","simple","todo","",NA
534,"enforcementtracker.com","enforcementtracker","none","https://www.enforcementtracker.com","simple","todo","",NA
535,"ftc.gov","ftc","none","https://www.ftc.gov/legal-library/cases","simple","todo","",NA
536,"justice.gov","justice","none","https://www.justice.gov/atr/case-list","simple","todo","",NA
537,"sec.gov","sec","none","https://www.sec.gov/divisions/enforce/enforcements.htm","simple","todo","",NA
538,"fdic.gov","fdic","none","https://www.fdic.gov/bank/individual/failed/banklist.csv","simple","todo","",NA
539,"occ.gov","occ","none","https://www.occ.gov/topics/charters-and-licensing/index-charters-and-licensing.html","simple","todo","",NA
540,"cftc.gov","cftc","none","https://www.cftc.gov/LawRegulation/Enforcement/EnforcementActions/index.htm","simple","todo","",NA
541,"pcaobus.org","pcaobus","none","https://pcaobus.org/Enforcement/Decisions","simple","todo","",NA
542,"eba.europa.eu","eba","none","https://www.eba.europa.eu/risk-analysis-and-data/risk-analysis-tools/interactive-tool","simple","todo","",NA
543,"sdw-wsrest.ecb.europa.eu","sdw-wsrest","none","https://sdw-wsrest.ecb.europa.eu/service","simple","todo","",NA
544,"stat-search.boj.or.jp","stat-search","none","https://www.stat-search.boj.or.jp","simple","todo","",NA
545,"pbc.gov.cn","pbc","none","https://www.pbc.gov.cn/en/3688229/3688353/index.html","simple","todo","",NA
546,"data.snb.ch","snb","none","https://data.snb.ch/en","simple","todo","",NA
547,"rba.gov.au","rba","none","https://www.rba.gov.au/statistics/tables","simple","todo","",NA
548,"bankofcanada.ca","bankofcanada","none","https://www.bankofcanada.ca/valet/docs","simple","todo","",NA
549,"rbnz.govt.nz","rbnz","none","https://www.rbnz.govt.nz/statistics","simple","todo","",NA
550,"norges-bank.no","norges-bank","none","https://www.norges-bank.no/en/topics/Statistics","simple","todo","",NA
551,"riksbank.se","riksbank","none","https://www.riksbank.se/en-gb/statistics","simple","todo","",NA
552,"openpaymentsdata.cms.gov","openpaymentsdata","none","https://openpaymentsdata.cms.gov/api","simple","todo","",NA
553,"ahip.org","ahip","none","https://www.ahip.org/data-and-research","simple","todo","",NA
554,"giin.org","giin","none","https://giin.org/resources/giin-investor-profiles","simple","todo","",NA
555,"sciencebasedtargets.org","sciencebasedtargets","none","https://sciencebasedtargets.org/companies-taking-action","simple","todo","",NA
556,"fsb-tcfd.org","fsb-tcfd","none","https://www.fsb-tcfd.org/supporters","simple","todo","",NA
557,"lazard.com","lazard","none","https://www.lazard.com/research-insights/levelized-cost-of-energy-analysis","simple","todo","",NA
558,"alphavantage.co","alphavantage","none","https://www.alphavantage.co","","","",NA
559,"polygon.io","polygon","none","https://polygon.io","","","",NA
560,"tiingo.com","tiingo","none","https://www.tiingo.com","","","",NA
561,"iexcloud.io","iexcloud","none","https://iexcloud.io","","","",NA
562,"datashop.cboe.com","datashop","none","https://datashop.cboe.com","","","",NA
563,"cmegroup.com","cmegroup","none","https://www.cmegroup.com/market-data","","","",NA
564,"data.nasdaq.com","nasdaq","none","https://data.nasdaq.com","","","",NA
565,"eodhd.com","eodhd","none","https://eodhd.com","","","",NA
566,"simfin.com","simfin","none","https://simfin.com","","","",NA
567,"intrinio.com","intrinio","none","https://intrinio.com","","","",NA
568,"coinmarketcap.com","coinmarketcap","none","https://coinmarketcap.com/api","","","",NA
569,"glassnode.com","glassnode","none","https://glassnode.com","","","",NA
570,"fred.stlouisfed.org","fred","none","https://fred.stlouisfed.org","","","",NA
571,"api.census.gov","census","none","https://api.census.gov","","","",NA
572,"bls.gov","bls","none","https://www.bls.gov/developers","","","",NA
573,"apps.bea.gov","apps","none","https://apps.bea.gov/api","","","",NA
574,"api.congress.gov","congress","none","https://api.congress.gov","","","",NA
575,"projects.propublica.org","projects","none","https://projects.propublica.org/api-docs/congress-api","","","",NA
576,"api.open.fec.gov","open","api_key","https://api.open.fec.gov","","","",NA
577,"openstates.org","openstates","none","https://openstates.org/api/v3","","","",NA
578,"pacer.uscourts.gov","pacer","none","https://pacer.uscourts.gov","","","",NA
579,"opensecrets.org","opensecrets","none","https://www.opensecrets.org/api","","","",NA
580,"eia.gov","eia","none","https://www.eia.gov/opendata","","","",NA
581,"ncbi.nlm.nih.gov","ncbi","none","https://www.ncbi.nlm.nih.gov/home/develop/api","","","",NA
582,"open.fda.gov","open","none","https://open.fda.gov/apis","","","",NA
583,"go.drugbank.com","go","none","https://go.drugbank.com/releases/latest","","","",NA
584,"portal.gdc.cancer.gov","gdc","none","https://portal.gdc.cancer.gov","","","",NA
585,"healthdata.org","healthdata","none","https://www.healthdata.org/research-analysis/gbd","","","",NA
586,"developers.google.com","developers","none","https://developers.google.com/maps","","","",NA
587,"docs.mapbox.com","mapbox","none","https://docs.mapbox.com/api","","","",NA
588,"developer.here.com","developer","none","https://developer.here.com","","","",NA
589,"location.foursquare.com","location","none","https://location.foursquare.com/developer","","","",NA
590,"developers.google.com","developers","none","https://developers.google.com/maps/documentation/places","","","",NA
591,"docs.developer.yelp.com","developer","none","https://docs.developer.yelp.com","","","",NA
592,"sentinel-hub.com","sentinel-hub","none","https://www.sentinel-hub.com","","","",NA
593,"earthdata.nasa.gov","nasa","api_key","https://earthdata.nasa.gov","","","",NA
594,"usgs.gov","usgs","none","https://www.usgs.gov/landsat-missions","","","",NA
595,"openrouteservice.org","openrouteservice","none","https://openrouteservice.org/dev/#/api-docs","","","",NA
596,"developer.what3words.com","developer","none","https://developer.what3words.com/public-api","","","",NA
597,"opencagedata.com","opencagedata","none","https://opencagedata.com/api","","","",NA
598,"globalfishingwatch.org","globalfishingwatch","none","https://globalfishingwatch.org/apis","","","",NA
599,"docs.tomorrow.io","tomorrow","none","https://docs.tomorrow.io/reference","","","",NA
600,"weatherapi.com","weatherapi","none","https://www.weatherapi.com/docs","","","",NA
601,"openweathermap.org","openweathermap","none","https://openweathermap.org/api","","","",NA
602,"ncdc.noaa.gov","ghcn","none","https://www.ncdc.noaa.gov/cdo-web/webservices/v2","","","",NA
603,"cds.climate.copernicus.eu","cds","none","https://cds.climate.copernicus.eu","","","",NA
604,"esgf-node.llnl.gov","esgf-node","none","https://esgf-node.llnl.gov/projects/cmip6","","","",NA
605,"docs.openaq.org","openaq","none","https://docs.openaq.org","","","",NA
606,"aqs.epa.gov","aqs","none","https://aqs.epa.gov/aqsweb/documents/data_api.html","","","",NA
607,"iqair.com","iqair","none","https://www.iqair.com/commercial-air-quality-monitors/api","","","",NA
608,"census.gov","census","none","https://www.census.gov/data/developers/data-sets/acs-5year.html","","","",NA
609,"usa.ipums.org","usa","none","https://usa.ipums.org/usa","","","",NA
610,"international.ipums.org","international","none","https://international.ipums.org","","","",NA
611,"onetonline.org","onetonline","none","https://www.onetonline.org/developer/api","","","",NA
612,"huduser.gov","huduser","none","https://www.huduser.gov/portal/datasets/pdrdatas.html","","","",NA
613,"collegescorecard.ed.gov","collegescorecard","none","https://collegescorecard.ed.gov/data/api-documentation","","","",NA
614,"pewresearch.org","pewresearch","none","https://www.pewresearch.org/download-datasets","","","",NA
615,"gss.norc.org","gss","none","https://gss.norc.org","","","",NA
616,"newsapi.org","newsapi","none","https://newsapi.org","","","",NA
617,"developer.nytimes.com","developer","none","https://developer.nytimes.com","","","",NA
618,"open-platform.theguardian.com","open-platform","none","https://open-platform.theguardian.com","","","",NA
619,"reddit.com","reddit","none","https://www.reddit.com/dev/api","","","",NA
620,"docs.bsky.app","bsky","none","https://docs.bsky.app","","","",NA
621,"developers.google.com","developers","none","https://developers.google.com/youtube/v3","","","",NA
622,"explodingtopics.com","explodingtopics","none","https://explodingtopics.com","","","",NA
623,"mediastack.com","mediastack","none","https://mediastack.com","","","",NA
624,"currentsapi.services","currentsapi","none","https://currentsapi.services","","","",NA
625,"eventregistry.org","eventregistry","none","https://eventregistry.org","","","",NA
626,"api.semanticscholar.org","semanticscholar","none","https://api.semanticscholar.org","","","",NA
627,"ui.adsabs.harvard.edu","ui","none","https://ui.adsabs.harvard.edu/help/api","","","",NA
628,"gea.esac.esa.int","gea","none","https://gea.esac.esa.int/archive","","","",NA
629,"chemspider.com","chemspider","none","https://www.chemspider.com/AboutServices.aspx","","","",NA
630,"next-gen.materialsproject.org","next-gen","none","https://next-gen.materialsproject.org/api","","","",NA
631,"developers.zenodo.org","developers","none","https://developers.zenodo.org","","","",NA
632,"docs.figshare.com","figshare","none","https://docs.figshare.com","","","",NA
633,"developer.osf.io","developer","none","https://developer.osf.io","","","",NA
634,"datadryad.org","datadryad","none","https://datadryad.org/api/v2/docs","","","",NA
635,"gbif.org","gbif","none","https://www.gbif.org/developer/summary","","","",NA
636,"inaturalist.org","inaturalist","none","https://www.inaturalist.org/pages/api+reference","","","",NA
637,"documenter.getpostman.com","documenter","none","https://documenter.getpostman.com/view/664302/S1ENwy59","","","",NA
638,"api.opencorporates.com","opencorporates","none","https://api.opencorporates.com","","","",NA
639,"developer.linkedin.com","developer","none","https://developer.linkedin.com","","","",NA
640,"data.crunchbase.com","crunchbase","none","https://data.crunchbase.com","","","",NA
641,"pitchbook.com","pitchbook","none","https://pitchbook.com","","","",NA
642,"bls.gov","bls","none","https://www.bls.gov/cpi/data.htm","","","",NA
643,"comtradeplus.un.org","comtradeplus","none","https://comtradeplus.un.org","","","",NA
644,"glassdoor.com","glassdoor","none","https://www.glassdoor.com/developer/index.htm","","","",NA
645,"bls.gov","bls","none","https://www.bls.gov/jlt","","","",NA
646,"shopify.dev","shopify","none","https://shopify.dev/api","","","",NA
647,"webservices.amazon.com","webservices","none","https://webservices.amazon.com/paapi5/documentation","","","",NA
648,"developer.ebay.com","developer","none","https://developer.ebay.com","","","",NA
649,"stripe.com","stripe","none","https://stripe.com/docs/api","","","",NA
650,"bloomberg.com","bloomberg","none","https://www.bloomberg.com/professional/support/api-library","","","",NA
651,"courtlistener.com","courtlistener","none","https://www.courtlistener.com/api/rest/v4","","","",NA
652,"legiscan.com","legiscan","none","https://legiscan.com/legiscan-api","","","",NA
653,"patentscope.wipo.int","patentscope","none","https://patentscope.wipo.int/search/en/api.jsf","","","",NA
654,"opensanctions.org","opensanctions","none","https://www.opensanctions.org/api","","","",NA
655,"legal.thomsonreuters.com","legal","none","https://legal.thomsonreuters.com/en/products/westlaw","","","",NA
656,"docs.github.com","github","none","https://docs.github.com/en/rest","","","",NA
657,"developer.shodan.io","developer","none","https://developer.shodan.io","","","",NA
658,"search.censys.io","search","none","https://search.censys.io/api","","","",NA
659,"radar.cloudflare.com","radar","none","https://radar.cloudflare.com/api","","","",NA
660,"nvd.nist.gov","nvd","none","https://nvd.nist.gov/developers","","","",NA
661,"developers.virustotal.com","developers","none","https://developers.virustotal.com","","","",NA
662,"api.stackexchange.com","stackexchange","none","https://api.stackexchange.com","","","",NA
663,"ipinfo.io","ipinfo","none","https://ipinfo.io/developers","","","",NA
664,"spamhaus.org","spamhaus","none","https://www.spamhaus.org/dbl","","","",NA
665,"haveibeenpwned.com","haveibeenpwned","none","https://haveibeenpwned.com/api/v3","","","",NA
666,"developer.themoviedb.org","developer","none","https://developer.themoviedb.org/docs","","","",NA
667,"omdbapi.com","omdbapi","none","https://www.omdbapi.com","","","",NA
668,"last.fm","last","none","https://www.last.fm/api","","","",NA
669,"developer.spotify.com","developer","none","https://developer.spotify.com/documentation/web-api","","","",NA
670,"discogs.com","discogs","none","https://www.discogs.com/developers","","","",NA
671,"developers.google.com","developers","none","https://developers.google.com/books","","","",NA
672,"fdc.nal.usda.gov","fdc","none","https://fdc.nal.usda.gov/api-guide.html","","","",NA
673,"spoonacular.com","spoonacular","none","https://spoonacular.com/food-api","","","",NA
674,"developer.sportradar.com","developer","none","https://developer.sportradar.com","","","",NA
675,"developers.amadeus.com","developers","none","https://developers.amadeus.com","","","",NA
676,"numbeo.com","numbeo","none","https://www.numbeo.com/api","","","",NA
677,"developer.ticketmaster.com","developer","none","https://developer.ticketmaster.com","","","",NA
678,"eventbrite.com","eventbrite","none","https://www.eventbrite.com/platform/api","","","",NA
679,"api.attomdata.com","attomdata","none","https://api.attomdata.com","","","",NA
680,"costar.com","costar","none","https://www.costar.com","","","",NA
681,"realtor.com","realtor","none","https://www.realtor.com/api","","","",NA
682,"eia.gov","eia","none","https://www.eia.gov/opendata","","","",NA
683,"gridstatus.io","gridstatus","none","https://www.gridstatus.io","","","",NA
684,"iea.org","iea","none","https://www.iea.org/data-and-statistics","","","",NA
685,"developer.nrel.gov","developer","none","https://developer.nrel.gov","","","",NA
686,"flightaware.com","flightaware","none","https://flightaware.com/commercial/aeroapi","","","",NA
687,"openskynetwork.github.io","openskynetwork","none","https://openskynetwork.github.io/opensky-api","","","",NA
688,"transit.land","transit","none","https://www.transit.land/documentation","","","",NA
689,"globalforestwatch.org","globalforestwatch","none","https://www.globalforestwatch.org/help/developers","","","",NA
690,"apiv3.iucnredlist.org","apiv3","none","https://apiv3.iucnredlist.org","","","",NA
691,"protectedplanet.net","protectedplanet","none","https://www.protectedplanet.net/c/using-the-api","","","",NA
692,"opradata.com","opradata","none","https://www.opradata.com","","","",NA
693,"developer.morningstar.com","developer","none","https://developer.morningstar.com","","","",NA
694,"developer.factset.com","developer","none","https://developer.factset.com","","","",NA
695,"developers.refinitiv.com","developers","none","https://developers.refinitiv.com","","","",NA
696,"developer.twitter.com","developer","none","https://developer.twitter.com/en/docs/twitter-api","","","",NA
697,"developers.facebook.com","developers","none","https://developers.facebook.com/docs/graph-api","","","",NA
698,"developer.linkedin.com","developer","none","https://developer.linkedin.com/product-catalog","","","",NA
699,"findtreatment.samhsa.gov","findtreatment","none","https://findtreatment.samhsa.gov/developer","","","",NA
700,"open.fda.gov","open","none","https://open.fda.gov/apis","","","",NA
701,"v-dem.net","v-dem","none","https://www.v-dem.net/data/the-v-dem-dataset","","","",NA
702,"data.neonscience.org","neonscience","none","https://data.neonscience.org/data-api","","","",NA
703,"humancellatlas.org","humancellatlas","none","https://www.humancellatlas.org","","","",NA
704,"census.gov","census","none","https://www.census.gov/data/developers/data-sets/economic-census.html","","","",NA
705,"cbinsights.com","cbinsights","none","https://www.cbinsights.com","","","",NA
706,"heinonline.org","heinonline","none","https://heinonline.org","","","",NA
707,"casetext.com","casetext","none","https://casetext.com","","","",NA
708,"marinetraffic.com","marinetraffic","none","https://www.marinetraffic.com/api","","","",NA
709,"vesselfinder.com","vesselfinder","none","https://www.vesselfinder.com/api","","","",NA
710,"theice.com","theice","none","https://www.theice.com/market-data","","","",NA
711,"healthmap.org","healthmap","none","https://www.healthmap.org/site/about","","","",NA
712,"promedmail.org","promedmail","none","https://promedmail.org","","","",NA
713,"huggingface.co","huggingface","none","https://huggingface.co/docs/hub/api","","","",NA
714,"paperswithcode.com","paperswithcode","none","https://paperswithcode.com/api/v1/docs","","","",NA
715,"developer.ieee.org","developer","none","https://developer.ieee.org","","","",NA
716,"opentripmap.io","opentripmap","none","https://opentripmap.io/product","","","",NA
717,"tripadvisor-content-api.readme.io","tripadvisor-content-api","none","https://tripadvisor-content-api.readme.io","","","",NA
718,"developers.skyscanner.net","developers","none","https://developers.skyscanner.net","","","",NA
719,"exchangeratesapi.io","exchangeratesapi","none","https://exchangeratesapi.io","","","",NA
720,"fixer.io","fixer","none","https://fixer.io","","","",NA
721,"openexchangerates.org","openexchangerates","none","https://openexchangerates.org","","","",NA
722,"geocod.io","geocod","none","https://www.geocod.io/docs","","","",NA
723,"loqate.com","loqate","none","https://www.loqate.com","","","",NA
724,"resourcewatch.org","resourcewatch","none","https://resourcewatch.org","","","",NA
725,"apiportal.wto.org","apiportal","none","https://apiportal.wto.org","","","",NA
726,"data.humdata.org","humdata","none","https://data.humdata.org","","","",NA
727,"acleddata.com","acleddata","none","https://acleddata.com/acleddatanew/wp-content/uploads/dlm_uploads/2017/10/API-User-Guide.pdf","","","",NA
728,"start.umd.edu","start","none","https://www.start.umd.edu/gtd","","","",NA
729,"developers.similarweb.com","developers","none","https://developers.similarweb.com","","","",NA
730,"data.crunchbase.com","crunchbase","none","https://data.crunchbase.com/docs/daily-csv-export","","","",NA
731,"spglobal.com","spx","none","https://www.spglobal.com/marketintelligence/en","","","",NA
732,"morningstar.com","morningstar","none","https://www.morningstar.com/products/direct","","","",NA
733,"wrds-www.wharton.upenn.edu","wrds-www","none","https://wrds-www.wharton.upenn.edu","","","",NA
734,"crsp.org","crsp","none","https://crsp.org","","","",NA
735,"financial.thomsonreuters.com","financial","none","https://financial.thomsonreuters.com/en/products/tools-applications/trading-investment-tools/sdc-platinum.html","","","",NA
736,"bloomberg.com","bloomberg","none","https://www.bloomberg.com/professional","","","",NA
737,"export.hotosm.org","export","none","https://export.hotosm.org","","","",NA
738,"developers.maxar.com","developers","none","https://developers.maxar.com","","","",NA
739,"developers.planet.com","developers","none","https://developers.planet.com","","","",NA
740,"usgs.gov","usgs","none","https://www.usgs.gov/centers/eros/science/usgs-eros-archive-digital-elevation-shuttle-radar-topography-mission-srtm","","","",NA
741,"openaerialmap.org","openaerialmap","none","https://openaerialmap.org","","","",NA
742,"firms.modaps.eosdis.nasa.gov","nasa","api_key","https://firms.modaps.eosdis.nasa.gov/api","","","",NA
743,"api.opencorporates.com","opencorporates","none","https://api.opencorporates.com","","","",NA
744,"crime-data-explorer.fr.cloud.gov","crime-data-explorer","none","https://crime-data-explorer.fr.cloud.gov/api/docs","","","",NA
745,"globalfinancialdata.com","globalfinancialdata","none","https://www.globalfinancialdata.com","","","",NA
746,"systemicpeace.org","systemicpeace","none","https://www.systemicpeace.org/polityproject.html","","","",NA
747,"correlatesofwar.org","correlatesofwar","none","https://correlatesofwar.org/data-sets","","","",NA
748,"v-dem.net","v-dem","none","https://v-dem.net","","","",NA
749,"gu.se","gu","none","https://www.gu.se/en/quality-government/qog-data","","","",NA
750,"api.rawg.io","rawg","none","https://api.rawg.io/docs","","","",NA
751,"api-docs.igdb.com","api-docs","none","https://api-docs.igdb.com","","","",NA
752,"docs.docker.com","docker","none","https://docs.docker.com/registry/spec/api","","","",NA
753,"api.23andme.com","23andme","none","https://api.23andme.com","","","",NA
754,"trade.cites.org","trade","none","https://trade.cites.org/en/cites_trade/downloads","","","",NA
755,"ftserussell.com","ftse","none","https://www.ftserussell.com/esg-sustainability","","","",NA
756,"msci.com","msci","none","https://www.msci.com/our-solutions/esg-investing","","","",NA
757,"cdp.net","cdp","none","https://www.cdp.net/en/data","","","",NA
758,"sasb.org","sasb","none","https://sasb.org/find-your-industry","","","",NA
759,"gallup.com","gallup","none","https://www.gallup.com/analytics/318923/world-poll.aspx","","","",NA
760,"worldvaluessurvey.org","worldvaluessurvey","none","https://www.worldvaluessurvey.org/WVSDocumentationWV7.jsp","","","",NA
761,"ai.fmcsa.dot.gov","ai","none","https://ai.fmcsa.dot.gov/SMS/Tools/APIs","","","",NA
762,"costar.com","costar","none","https://www.costar.com/products/costar-suite","","","",NA
763,"azure.microsoft.com","azure","none","https://azure.microsoft.com/en-us/services/cognitive-services/bing-news-search-api","","","",NA
764,"twilio.com","twilio","none","https://www.twilio.com/docs/lookup","","","",NA
765,"dashboard.clearbit.com","dashboard","none","https://dashboard.clearbit.com/docs","","","",NA
766,"fullcontact.com","fullcontact","none","https://www.fullcontact.com/developer-portal","","","",NA
767,"cps.ipums.org","cps","none","https://cps.ipums.org","","","",NA
768,"spglobal.com","spx","none","https://www.spglobal.com/marketintelligence/en/solutions/sp-capital-iq-platform","","","",NA
769,"theice.com","theice","none","https://www.theice.com","","","",NA
770,"gold.org","gold","none","https://www.gold.org/goldhub/data","","","",NA
771,"iea.nl","iea","none","https://www.iea.nl/data-tools/repository","","","",NA
772,"edopportunity.org","edopportunity","none","https://edopportunity.org/get-the-data","","","",NA
773,"goodreads.com","goodreads","none","https://www.goodreads.com/api","","","",NA
774,"librarything.com","librarything","none","https://www.librarything.com/services/rest/documentation","","","",NA
775,"fandom.com","fandom","none","https://www.fandom.com/api-wiki-map","","","",NA
776,"developer.dnb.com","developer","none","https://developer.dnb.com","","","",NA
777,"developer.experian.com","developer","none","https://developer.experian.com","","","",NA
778,"moodys.com","moodys","none","https://www.moodys.com/products/moody-analytics-data","","","",NA
779,"v3.openstates.org","v3","none","https://v3.openstates.org/api","","","",NA
780,"legislata.com","legislata","none","https://legislata.com","","","",NA
781,"seer.cancer.gov","seer","none","https://seer.cancer.gov/data","","","",NA
782,"cocorahs.org","cocorahs","none","https://www.cocorahs.org","","","",NA
783,"nsidc.org","nsidc","none","https://nsidc.org","","","",NA
784,"pewresearch.org","pewresearch","none","https://www.pewresearch.org/global","","","",NA
785,"evictionlab.org","evictionlab","none","https://evictionlab.org/data-download","","","",NA
786,"propublica.org","propublica","none","https://www.propublica.org/datastore","","","",NA
787,"projects.propublica.org","projects","none","https://projects.propublica.org/nonprofits/api","","","",NA
788,"gasbuddy.com","gasbuddy","none","https://www.gasbuddy.com","","","",NA
789,"bls.gov","bls","none","https://www.bls.gov/ppi","","","",NA
790,"costar.com","costar","none","https://www.costar.com","","","",NA
791,"internetlivestats.com","internetlivestats","none","https://www.internetlivestats.com/api","","","",NA
792,"cmegroup.com","cmegroup","none","https://www.cmegroup.com/trading/agricultural","","","",NA
793,"alpaca.markets","alpaca","none","https://alpaca.markets/docs/api-references","","","",NA
794,"documentation.tradier.com","documentation","none","https://documentation.tradier.com","","","",NA
795,"twelvedata.com","twelvedata","none","https://twelvedata.com/docs","","","",NA
796,"marketstack.com","marketstack","none","https://marketstack.com/documentation","","","",NA
797,"finnhub.io","finnhub","none","https://finnhub.io/docs/api","","","",NA
798,"eodhistoricaldata.com","eodhistoricaldata","none","https://eodhistoricaldata.com","","","",NA
799,"barchart.com","barchart","none","https://www.barchart.com/ondemand/api","","","",NA
800,"alfred.stlouisfed.org","alfred","none","https://alfred.stlouisfed.org","","","",NA
801,"sentix.de","sentix","none","https://www.sentix.de/index.php/en/sentix-data.html","","","",NA
802,"whalewisdom.com","whalewisdom","none","https://whalewisdom.com/api","","","",NA
803,"finra.org","finra","none","https://www.finra.org/filing-reporting/trace","","","",NA
804,"secondmeasure.com","secondmeasure","none","https://secondmeasure.com","","","",NA
805,"placer.ai","placer","none","https://www.placer.ai","","","",NA
806,"developer.company-information.service.gov.uk","developer","none","https://developer.company-information.service.gov.uk","","","",NA
807,"abs.gov.au","abs","none","https://www.abs.gov.au/about/data-services/application-programming-interfaces-apis","","","",NA
808,"inegi.org.mx","inegi","none","https://www.inegi.org.mx/servicios/api_indicadores.html","","","",NA
809,"www-genesis.destatis.de","www-genesis","none","https://www-genesis.destatis.de/genesis/online?operation=&option=menu","","","",NA
810,"api.insee.fr","insee","none","https://api.insee.fr/catalogue","","","",NA
811,"e-stat.go.jp","e-stat","none","https://www.e-stat.go.jp/api","","","",NA
812,"sedac.ciesin.columbia.edu","sedac","none","https://sedac.ciesin.columbia.edu","","","",NA
813,"postalpro.usps.com","postalpro","none","https://postalpro.usps.com/address-quality/zip-code-lookup","","","",NA
814,"pharmaprojects.citeline.com","pharmaprojects","none","https://pharmaprojects.citeline.com","","","",NA
815,"deadiversion.usdoj.gov","deadiversion","none","https://www.deadiversion.usdoj.gov/arcos","","","",NA
816,"ghdx.healthdata.org","ghdx","none","https://ghdx.healthdata.org","","","",NA
817,"aidsvu.org","aidsvu","none","https://aidsvu.org/local-data/download-data","","","",NA
818,"gunviolencearchive.org","gunviolencearchive","none","https://www.gunviolencearchive.org/api","","","",NA
819,"mortality.org","mortality","none","https://www.mortality.org","","","",NA
820,"go.drugbank.com","go","none","https://go.drugbank.com/drug_interaction_checker","","","",NA
821,"paperswithcode.com","paperswithcode","none","https://paperswithcode.com/sota","","","",NA
822,"kaggle.com","kaggle","none","https://www.kaggle.com/datasets","","","",NA
823,"dataverse.harvard.edu","dataverse","none","https://dataverse.harvard.edu/api","","","",NA
824,"core.ac.uk","core","none","https://core.ac.uk/services/api","","","",NA
825,"unpaywall.org","unpaywall","none","https://unpaywall.org/products/api","","","",NA
826,"docs.api.lens.org","lens","none","https://docs.api.lens.org","","","",NA
827,"docs.dimensions.ai","dimensions","none","https://docs.dimensions.ai/dsl","","","",NA
828,"researchgate.net","researchgate","none","https://www.researchgate.net","","","",NA
829,"eric.ed.gov","eric","none","https://eric.ed.gov/?ERICWebPortal=Search&api","","","",NA
830,"tdm-pilot.org","tdm-pilot","none","https://tdm-pilot.org","","","",NA
831,"clarivate.com","clarivate","none","https://clarivate.com/derwent/solutions/derwent-innovation","","","",NA
832,"geonames.org","geonames","none","https://www.geonames.org/export/web-services.html","","","",NA
833,"landscan.ornl.gov","landscan","none","https://landscan.ornl.gov","","","",NA
834,"opencellid.org","opencellid","none","https://opencellid.org","","","",NA
835,"developer.here.com","developer","none","https://developer.here.com/documentation/isoline-routing-api/dev_guide/topics/what-is-routing-api.html","","","",NA
836,"docs.microsoft.com","microsoft","none","https://docs.microsoft.com/en-us/bingmaps/rest-services/elevations","","","",NA
837,"maptiler.com","maptiler","none","https://www.maptiler.com/cloud","","","",NA
838,"stamen.com","stamen","none","https://stamen.com/open-source","","","",NA
839,"icpsr.umich.edu","icpsr","none","https://www.icpsr.umich.edu/web/pages/NACJD","","","",NA
840,"icpsr.umich.edu","icpsr","none","https://www.icpsr.umich.edu/web/pages/ICPSR/index.html","","","",NA
841,"ropercenter.cornell.edu","ropercenter","none","https://ropercenter.cornell.edu","","","",NA
842,"thearda.com","thearda","none","https://www.thearda.com","","","",NA
843,"cces.gov.harvard.edu","cces","none","https://cces.gov.harvard.edu","","","",NA
844,"psidonline.isr.umich.edu","psidonline","none","https://psidonline.isr.umich.edu","","","",NA
845,"yelp.com","yelp","none","https://www.yelp.com/dataset","","","",NA
846,"developers.google.com","developers","none","https://developers.google.com/my-business","","","",NA
847,"tripadvisor-content-api.readme.io","tripadvisor-content-api","none","https://tripadvisor-content-api.readme.io/reference/overview","","","",NA
848,"data-axle.com","data-axle","none","https://www.data-axle.com","","","",NA
849,"zoominfo.com","zoominfo","none","https://www.zoominfo.com/b2b/api","","","",NA
850,"apolloio.github.io","apolloio","none","https://apolloio.github.io/apollo-api-docs","","","",NA
851,"hunter.io","hunter","none","https://hunter.io/api","","","",NA
852,"business.linkedin.com","business","none","https://business.linkedin.com/sales-solutions/sales-navigator","","","",NA
853,"data.g2.com","g2","none","https://data.g2.com","","","",NA
854,"api.builtwith.com","builtwith","none","https://api.builtwith.com","","","",NA
855,"wappalyzer.com","wappalyzer","none","https://www.wappalyzer.com/api","","","",NA
856,"similartech.com","similartech","none","https://www.similartech.com","","","",NA
857,"datanyze.com","datanyze","none","https://www.datanyze.com","","","",NA
858,"mediacloud.org","mediacloud","none","https://mediacloud.org/api","","","",NA
859,"dev.twitch.tv","twitch","none","https://dev.twitch.tv/docs/api","","","",NA
860,"developers.tiktok.com","developers","none","https://developers.tiktok.com/products/research-api","","","",NA
861,"docs.joinmastodon.org","joinmastodon","none","https://docs.joinmastodon.org/api","","","",NA
862,"pushshift.io","pushshift","none","https://pushshift.io","","","",NA
863,"podcastindex.org","podcastindex","none","https://podcastindex.org/api","","","",NA
864,"podcastsdataset.byspotify.com","podcastsdataset","none","https://podcastsdataset.byspotify.com","","","",NA
865,"songkick.com","songkick","none","https://www.songkick.com/developer","","","",NA
866,"api.setlist.fm","setlist","none","https://api.setlist.fm/docs","","","",NA
867,"docs.genius.com","genius","none","https://docs.genius.com","","","",NA
868,"imslp.org","imslp","none","https://imslp.org/wiki/IMSLP_API","","","",NA
869,"edan.si.edu","edan","none","https://edan.si.edu/openaccess/apidocs","","","",NA
870,"collection.cooperhewitt.org","collection","none","https://collection.cooperhewitt.org/api","","","",NA
871,"data.rijksmuseum.nl","rijksmuseum","none","https://data.rijksmuseum.nl/object-metadata/api","","","",NA
872,"pro.dp.la","pro","none","https://pro.dp.la/developers/api-codex","","","",NA
873,"apis.europeana.eu","apis","none","https://apis.europeana.eu","","","",NA
874,"api.opencritic.com","opencritic","none","https://api.opencritic.com","","","",NA
875,"libraries.io","libraries","none","https://libraries.io/api","","","",NA
876,"snyk.io","snyk","none","https://snyk.io/vuln","","","",NA
877,"otx.alienvault.com","otx","none","https://otx.alienvault.com/api","","","",NA
878,"abuseipdb.com","abuseipdb","none","https://www.abuseipdb.com/api","","","",NA
879,"docs.greynoise.io","greynoise","none","https://docs.greynoise.io","","","",NA
880,"securitytrails.com","securitytrails","none","https://securitytrails.com/app/account/credentials","","","",NA
881,"api.riskiq.net","riskiq","none","https://api.riskiq.net","","","",NA
882,"docs.polyswarm.io","polyswarm","none","https://docs.polyswarm.io","","","",NA
883,"developers.cloudflare.com","developers","none","https://developers.cloudflare.com/analytics","","","",NA
884,"netblocks.org","netblocks","none","https://netblocks.org/api","","","",NA
885,"stackshare.io","stackshare","none","https://stackshare.io","","","",NA
886,"api.producthunt.com","producthunt","none","https://api.producthunt.com/v2/docs","","","",NA
887,"wellfound.com","wellfound","none","https://wellfound.com/developers","","","",NA
888,"cleanpower.com","cleanpower","none","https://cleanpower.com","","","",NA
889,"dataminer2.pjm.com","dataminer2","none","https://dataminer2.pjm.com","","","",NA
890,"woodmac.com","woodmac","none","https://www.woodmac.com","","","",NA
891,"spglobal.com","spx","none","https://www.spglobal.com/commodityinsights","","","",NA
892,"app.climatepolicyradar.org","app","none","https://app.climatepolicyradar.org/api/v1","","","",NA
893,"iucnredlist.org","iucnredlist","none","https://www.iucnredlist.org/search","","","",NA
894,"esa-landcover-cci.org","esa-landcover-cci","none","https://www.esa-landcover-cci.org","","","",NA
895,"land.copernicus.eu","land","none","https://land.copernicus.eu/global","","","",NA
896,"developer.here.com","developer","none","https://developer.here.com/documentation/traffic-api","","","",NA
897,"developer.tomtom.com","developer","none","https://developer.tomtom.com/traffic-api/api-explorer","","","",NA
898,"movement.uber.com","movement","none","https://movement.uber.com","","","",NA
899,"streetlightdata.com","streetlightdata","none","https://www.streetlightdata.com","","","",NA
900,"replicahq.com","replicahq","none","https://replicahq.com","","","",NA
901,"inrix.com","inrix","none","https://inrix.com/products/inrix-ai-traffic","","","",NA
902,"api.bart.gov","bart","none","https://api.bart.gov/docs/overview/index.aspx","","","",NA
903,"bustime.mta.info","bustime","none","https://bustime.mta.info/wiki/Developers/Index","","","",NA
904,"api.tfl.gov.uk","tfl","none","https://api.tfl.gov.uk","","","",NA
905,"511.org","511","none","https://511.org/open-data","","","",NA
906,"aishub.net","aishub","none","https://www.aishub.net/api","","","",NA
907,"flightradar24.com","flightradar24","none","https://www.flightradar24.com/premium","","","",NA
908,"reso.org","reso","none","https://www.reso.org","","","",NA
909,"huduser.gov","huduser","none","https://www.huduser.gov/portal/datasets/usps.html","","","",NA
910,"capitalmarkets.fanniemae.com","capitalmarkets","none","https://capitalmarkets.fanniemae.com/credit-risk-transfer/single-family-credit-risk-transfer/fannie-mae-single-family-loan-performance-data","","","",NA
911,"freddiemac.com","freddiemac","none","https://www.freddiemac.com/research/datasets/mortgage-data.page","","","",NA
912,"realpage.com","realpage","none","https://www.realpage.com/analytics","","","",NA
913,"commodityweather.com","commodityweather","none","https://www.commodityweather.com","","","",NA
914,"lpdaac.usgs.gov","usgs","none","https://lpdaac.usgs.gov/products/mod13q1v006","","","",NA
915,"lexmachina.com","lexmachina","none","https://lexmachina.com","","","",NA
916,"docketalarm.com","docketalarm","none","https://www.docketalarm.com/api","","","",NA
917,"case.law","case","none","https://case.law/api","","","",NA
918,"clarivate.com","clarivate","none","https://clarivate.com/products/regulatory-intelligence","","","",NA
919,"api.opencorporates.com","opencorporates","none","https://api.opencorporates.com/officers","","","",NA
920,"developer.betfair.com","developer","none","https://developer.betfair.com","","","",NA
921,"the-odds-api.com","the-odds-api","none","https://the-odds-api.com","","","",NA
922,"ambest.com","ambest","none","https://www.ambest.com","","","",NA
923,"gsmaintelligence.com","gsmaintelligence","none","https://www.gsmaintelligence.com","","","",NA
924,"world-bureau.com","world-bureau","none","https://www.world-bureau.com","","","",NA
925,"iea.org","iea","none","https://www.iea.org/reports/oil-market-report","","","",NA
926,"naturalgasintel.com","naturalgasintel","none","https://www.naturalgasintel.com","","","",NA
927,"spglobal.com","spx","none","https://www.spglobal.com/commodityinsights/en/market-insights/latest-news/natural-gas","","","",NA
928,"opensyllabus.org","opensyllabus","none","https://opensyllabus.org","","","",NA
929,"api.khanacademy.org","khanacademy","none","https://api.khanacademy.org","","","",NA
930,"research.edx.org","research","none","https://research.edx.org","","","",NA
931,"bafg.de","bafg","none","https://www.bafg.de/GRDC/EN/Home","","","",NA
932,"eia.gov","eia","none","https://www.eia.gov/naturalgas/storage/dashboard","","","",NA
933,"fbx.freightos.com","fbx","none","https://fbx.freightos.com","","","",NA
934,"balticexchange.com","balticexchange","none","https://www.balticexchange.com/en/data-services/market-data0","","","",NA
935,"panjiva.com","panjiva","none","https://panjiva.com","","","",NA
936,"importyeti.com","importyeti","none","https://www.importyeti.com","","","",NA
937,"comtradeplus.un.org","comtradeplus","none","https://comtradeplus.un.org","","","",NA
938,"spglobal.com","spx","none","https://www.spglobal.com/marketintelligence/en/mi/research-analysis/pmi.html","","","",NA
939,"metaculus.com","metaculus","none","https://www.metaculus.com/api2","","","",NA
940,"docs.manifold.markets","manifold","none","https://docs.manifold.markets/api","","","",NA
941,"docs.openexchangerates.org","openexchangerates","none","https://docs.openexchangerates.org","","","",NA
942,"numbeo.com","numbeo","none","https://www.numbeo.com/api/api_schema.jsp","","","",NA
943,"mercer.com","mercer","none","https://www.mercer.com/en-us/insights/total-rewards/mobility-and-expat-compensation/cost-of-living-resources","","","",NA
944,"ecri.org","ecri","none","https://www.ecri.org","","","",NA
945,"burning-glass.com","burning-glass","none","https://www.burning-glass.com","","","",NA
946,"lightcastco.com","lightcastco","none","https://lightcastco.com","","","",NA
947,"walkscore.com","walkscore","none","https://www.walkscore.com/professional/api.php","","","",NA
948,"enodo.re","enodo","none","https://enodo.re","","","",NA
949,"ucr.fbi.gov","ucr","none","https://ucr.fbi.gov/hate-crime","","","",NA
950,"crime-data-explorer.fr.cloud.gov","crime-data-explorer","none","https://crime-data-explorer.fr.cloud.gov/api/docs","","","",NA
951,"nemsis.org","nemsis","none","https://nemsis.org/national-ems-database","","","",NA
952,"usfa.fema.gov","usfa","none","https://www.usfa.fema.gov/data/nfirs","","","",NA
953,"etherscan.io","etherscan","none","https://etherscan.io/apis","","","",NA
954,"dune.com","dune","none","https://dune.com/docs/api","","","",NA
955,"thegraph.com","thegraph","none","https://thegraph.com/docs/en/querying/querying-from-an-application","","","",NA
956,"flipsidecrypto.xyz","flipsidecrypto","none","https://flipsidecrypto.xyz/earn","","","",NA
957,"nansen.ai","nansen","none","https://nansen.ai","","","",NA
958,"nftpricefloor.com","nftpricefloor","none","https://nftpricefloor.com/api","","","",NA
959,"charity.navigator.org","charity","none","https://charity.navigator.org/index.cfm?bay=content.view&cpid=1492","","","",NA
960,"globalgiving.org","globalgiving","none","https://www.globalgiving.org/api","","","",NA
961,"candid.org","candid","none","https://candid.org/about/products-services/foundation-maps","","","",NA
962,"oecd.org","oecd","none","https://www.oecd.org/skills/piaac/data","","","",NA
963,"melbourneinstitute.unimelb.edu.au","melbourneinstitute","none","https://melbourneinstitute.unimelb.edu.au/hilda","","","",NA
964,"diw.de","diw","none","https://www.diw.de/soep","","","",NA
965,"understandingsociety.ac.uk","understandingsociety","none","https://www.understandingsociety.ac.uk","","","",NA
966,"share-eric.eu","share-eric","none","https://share-eric.eu","","","",NA
967,"hrs.isr.umich.edu","hrs","none","https://hrs.isr.umich.edu","","","",NA
968,"elsa-project.ac.uk","elsa-project","none","https://www.elsa-project.ac.uk","","","",NA
969,"nlsinfo.org","nlsinfo","none","https://www.nlsinfo.org","","","",NA
970,"addhealth.cpc.unc.edu","addhealth","none","https://addhealth.cpc.unc.edu","","","",NA
971,"iiss.org","iiss","none","https://www.iiss.org/publications/the-military-balance","","","",NA
972,"start.umd.edu","start","none","https://www.start.umd.edu/data-tools/start-datasets","","","",NA
973,"str.com","str","none","https://str.com","","","",NA
974,"eia.gov","eia","none","https://www.eia.gov/steo","","","",NA
975,"n2yo.com","n2yo","none","https://www.n2yo.com/api","","","",NA
976,"leolabs.space","leolabs","none","https://leolabs.space","","","",NA
977,"gbif.org","gbif","none","https://www.gbif.org/developer/occurrence","","","",NA
978,"science.ebird.org","science","none","https://science.ebird.org/en/status-and-trends","","","",NA
979,"eol.org","eol","none","https://eol.org/api/docs","","","",NA
980,"timezonedb.com","timezonedb","none","https://timezonedb.com/api","","","",NA
981,"abstractapi.com","abstractapi","none","https://www.abstractapi.com/api/holidays","","","",NA
982,"calendarific.com","calendarific","none","https://calendarific.com/api-documentation","","","",NA
983,"coinglass.com","coinglass","none","https://coinglass.com/api","","","",NA
984,"docs.messari.io","messari","none","https://docs.messari.io","","","",NA
985,"api.santiment.net","santiment","none","https://api.santiment.net","","","",NA
986,"min-api.cryptocompare.com","min-api","none","https://min-api.cryptocompare.com/documentation","","","",NA
987,"docs.cloud.coinbase.com","cloud","none","https://docs.cloud.coinbase.com/advanced-trade-api","","","",NA
988,"cochranelibrary.com","cochranelibrary","none","https://www.cochranelibrary.com","","","",NA
989,"philpapers.org","philpapers","none","https://philpapers.org/help/api.html","","","",NA
990,"oecd.org","oecd","none","https://www.oecd.org/skills/piaac/data","","","",NA
991,"oceancolor.gsfc.nasa.gov","nasa","api_key","https://oceancolor.gsfc.nasa.gov","","","",NA
992,"ghrsst.org","ghrsst","none","https://www.ghrsst.org","","","",NA
993,"wgms.ch","wgms","none","https://wgms.ch","","","",NA
994,"opentopography.org","opentopography","none","https://opentopography.org/api","","","",NA
995,"earthexplorer.usgs.gov","usgs","none","https://earthexplorer.usgs.gov","","","",NA
996,"cds.climate.copernicus.eu","cds","none","https://cds.climate.copernicus.eu/api/v2","","","",NA
997,"conference-board.org","conference-board","none","https://www.conference-board.org/topics/business-cycle-indicators","","","",NA
998,"data.sca.isr.umich.edu","sca","none","https://data.sca.isr.umich.edu","","","",NA
999,"conference-board.org","conference-board","none","https://www.conference-board.org/data/consumerconfidence.cfm","","","",NA
1000,"truflation.com","truflation","none","https://truflation.com/api","","","",NA
1001,"datascience.cancer.gov","datascience","none","https://datascience.cancer.gov/data","","","",NA
1002,"api.qualtrics.com","qualtrics","none","https://api.qualtrics.com","","","",NA
1003,"docs.prolific.com","prolific","none","https://docs.prolific.com/docs/api-docs","","","",NA
1004,"openhumans.org","openhumans","none","https://www.openhumans.org","","","",NA
1005,"physionet.org","physionet","none","https://physionet.org","","","",NA
1006,"mimic.mit.edu","mimic","none","https://mimic.mit.edu","","","",NA
1007,"vizhub.healthdata.org","vizhub","none","https://vizhub.healthdata.org/gbd-results","","","",NA
1008,"civiceagle.com","civiceagle","none","https://civiceagle.com","","","",NA
1009,"courtapi.com","courtapi","none","https://courtapi.com","","","",NA
1010,"brokercheck.finra.org","brokercheck","none","https://brokercheck.finra.org/search/genericsearch","","","",NA
1011,"iqvia.com","iqvia","none","https://www.iqvia.com/solutions/real-world-evidence/real-world-data","","","",NA
1012,"definitivehc.com","definitivehc","none","https://www.definitivehc.com","","","",NA
1013,"about.bnef.com","about","none","https://about.bnef.com","","","",NA
